<?xml version="1.0" encoding="UTF-8"?>
<movie>
<电影名>赌侠2：上海滩赌圣 賭俠II上海灘賭聖</电影名>
<年份>1991</年份>
<评分>7.7</评分>
<封面>https://img2.doubanio.com/view/photo/s_ratio_poster/public/p2872738132.jpg</封面>
<导演>王晶</导演>
<演员>周星驰 / 巩俐 / 吕良伟 / 向华强 / 吴君如 / 吴孟达 / 黄韵诗 / 龙方 / 张敏 / 方季惟</演员>
<简介>阿星（周星驰 饰）由赌神处学成归来，恰逢不甘心失败的大军集合中南海五大高手复仇，虽有龙五（向华强 饰）相助，但阿星与三叔（吴孟达 饰）仍被大军等人发功送至1937年的上海……
                                    
                                　　阿星与三叔失散后意外击杀谋害许文强之凶手，得以结识丁力（吕良伟 饰），自此与祖父周大福（吴孟达 饰）留在丁力身边，丁力女友如仙（巩俐 饰）令阿星魂牵梦绕，却不知她是自己所中意女孩如梦（巩俐 饰）的孪生姐姐。川岛芳子意欲控制上海，于是网罗大军等人频频向丁力发难，并约定最后以赌局决定胜负，阿星由日本人手中涉险逃脱，终于赶上赌局，而决定这场赌局的关键，却是一个名叫“今晚打老虎”的神秘人物……</简介>
<reviews>
<review>
<作者>于梦</作者>
<作者评分>4</作者评分>
<时间>2014-05-04 14:04:00</时间>
<影评>
            《上海滩赌圣》其实有两个版本，情节一样，其他演员不变，只是在香港和大陆发行的时候，女主角为巩俐，到了台湾就变成方季惟。所有涉及到的情节都拍两份。因为那时候台湾不允许有大陆演员参演的电影上映。

    当年的《霸王别姬》也是这个待遇。哪怕已经得了戛纳金棕榈，金马不惜临时修改规则也要把这部电影排除在提名名单之外。我们自己和香港都好不到哪里去，金像奖拒绝它提名是因为不是香港影片，大陆方面因为涉及到文X敏感情节，一开始都禁了，更别说获奖。

    又扯远了。


    奖项当然不是最重要的，但我想任何一个演员都不可能真的视其为粪土浮云。就如同我们也会希望，有朝一日，烂片可以票房惨败，精品得到各界激赏，喜剧演员和动作明星都受到重视，电影不再被国界和制度所限制。
      </影评>
<有用数>178</有用数>
<没用数>10</没用数>
</review>
<review>
<作者>烈焰红唇龙</作者>
<作者评分>4</作者评分>
<时间>2013-12-07 15:04:07</时间>
<影评>
        两个版本我是后来才知道的。小时候只知道巩俐版本的。


但看过之后发现差别不大，基本上完成度一样，有几个细节不同。也都是个人的表演方式不同导致。

另外，方季惟当时属于玉女歌手，演戏只是新丁，所以一些地方显得生涩做作，不及早已扬威国际的巩俐自然优雅。

但也算是平分秋色，各有所长。 巩俐虽然在本片中的造型堪称惊艳，形象也是大有突破分饰两角。 但外形看来与周星驰似姐弟恋多过恋人。姐姐那个气场明显，而妹妹那个又稍显过火，有些不足。而方季惟的少女形象则很好地弥补了这一点。


可以看出，年轻时的方季惟还是十足的玉女味的，周慧敏也走的是这个路子。

http://img.xiami.net/images/artistpic/17/1517/1286621000_92XK_4.jpg


http://img.xiami.net/images/artistpic/17/1517/1381892483_C0dF_4.jpg


时隔多年，再也无意比较各种瑕疵。两个大美人当年的风华都已不再，而留给我们的，只有分别时，那一刹那的刻骨铭心。


恨在今天再相遇，我早已将心意牵。

相忘于江湖，相思于天涯。


有人说周星驰一直在重复，其实，是我们一直在期待。

期待偶遇那个熟悉的周星驰。
      </影评>
<有用数>33</有用数>
<没用数>7</没用数>
</review>
<review>
<作者>呼延凯旋</作者>
<作者评分>5</作者评分>
<时间>2014-12-27 23:50:17</时间>
<影评>
        《赌侠2：上海滩赌圣》

其实这真的只是一部喜剧，星爷在这部戏里的无厘头表演已经很不错了，而且还是91年的穿越剧，比现在一些所谓的穿越剧好不知道多少倍，几乎可以从头笑到尾了，有很多非常好笑的段子，甚至有些YY的剧情，结尾龙五带着全身现代装备的特种部队穿越到鬼子的地盘大开杀戒，真是既痛快又过瘾，杀得鬼子鬼哭狼嚎，片甲不留，想想这不就是我经常看的YY小说里的情节吗，没想到91年王晶就有这样的YY剧情了。

星爷在这部经典片子里的表现勿容置疑，虽然女主角巩俐的表演并没有什么特点，而且她人并不算丑，但我却就是觉得有些别扭，然后又去看了看方季惟版的，发现她的表演也没有什么亮点，只是在片尾曲响起时心里忽然升起一股伤感的情绪，然后我迫不及待的去搜这首歌，发现这首叫做《怨苍天变了心》的演唱者正是台版的女主方季惟。

听着这首歌，不由自主的会觉得这部电影有一种难言的伤感，阿星从未来穿越到过去，遇到的第一个人就是如梦，可他一直以为就是如仙，而如梦却只是一个智商只有五岁的人。后来在阿星跟他爷爷周大福被日本人抓到监牢里后，周大福曾劝说阿星让他哄哄如梦，阿星说她只是一个五岁的小孩子，周大福对他说，你可以把她当成是自己的女儿或者妹妹，不一定要谈恋爱。

其实一直到结束我都没有明白，阿星跟如梦之间到底算不算是爱情，一个只有五岁智商的孩子懂得什么是爱情吗？也许就像周大福说的，她只是把阿星当成是自己的哥哥甚至是爸爸，虽然她的身体是一个大人，可又跟一个小孩子有什么区别呢？

我并不喜欢电影的结局，阿星想要带如梦回到未来，可是却被大军告知不能带走，因为三十年代的人到九十年代会老死的，先不说这个设定有没有依据，电影本身在前后就有矛盾的，在这里根本就说不通的，如果过去的人回不到未来，那未来的人又怎么会回到过去呢？

不论阿星跟如梦之间到底算不算爱情，这是一部喜剧，可是却给了这样一个令人有些伤感的结局，而且这个结局有些莫名其妙，完全没有起到应有的效果，这不是大话西游，它还做不到让人在笑的同时落泪，虽然的确有些遗憾，可终究是一个掩盖不了的瑕疵。

方季惟唱的这首歌真的很好听，歌词也很好，跟电影的剧情也很应景，到最后却是无缘再聚，怨苍天变了心。

这样的结局也许根本就不应该出现在这部电影里，导演应该让阿星把如梦带回现代，这一点也没有什么不妥的地方，可是王晶并没有这样做，当回到现代的阿星看到绮梦时，毫不犹豫的冲了过去，虽然搞笑，可也让人有些唏嘘，或许他跟如梦之间真的不是爱情吧，就算喜欢，也不会在一起，他们之间的故事也许就如同她的名字那样，像一个梦吧，梦醒，人已不再，而眼前人，却是那么熟悉清晰。

只不过，从赌圣，到赌侠，再到上海滩赌圣，阿星究竟爱的是谁呢？绮梦？梦萝？如仙？还是如梦？

也许是我想多了，这只是一部喜剧，导演只是想怎么开心怎么来，根本就没有我想的那么复杂。

只是梦醒时分，有人唱起了歌，怨苍天变了心。 

如果让我遇见你 而你正当年轻

用最真的心 换你最深的情

如果让我遇见你 而我依然年轻

也相信永恒是不变的曾经

如果让我离开你 而你已能平静

只愿你放心 也不要你担心

如果让你离开我 假装我也平静

就算是伤心也当作是无心

时空阻隔岂止长路迢迢

情丝缠绕岂是长发飘飘

那红尘俗世的人 为什麽 总是多情惹烦恼

本是云该化作雨 投入海的胸襟

却含著泪水 任孤独的飘零

本是属於我的你 同把人生看尽

却无缘再聚 怨苍天变了心

无缘再聚 怨苍天变了心


2014年12月15日深夜23：24于宿舍。
      </影评>
<有用数>29</有用数>
<没用数>1</没用数>
</review>
<review>
<作者>momo</作者>
<作者评分>4</作者评分>
<时间>2019-03-28 21:39:39</时间>
<影评>

以前看过无数遍，剧情也是可以的，感情线也是“赌”系列比较感人和抓人心的。
因为今天刚好看了两版的对比，忍不住想给巩皇点个赞，所以来评一下吧。
①首先，为什么有两版？
是因为当年台湾不让大陆影星当女主，所以台湾版的由台湾女歌手方季惟出演（同时演唱了该片主题曲《怨苍天变了心》）
方季惟是台版，巩俐是国际版（除台湾外都以巩俐版为主）
②方季惟歌声很好听，那首歌贯穿全片，长相也玉女，好看，但演技相比之下真的不好。（果然巩俐的影后不是白拿的）。
③方季惟的姐姐走的是邻家小妹的千金风格，而妹妹是天真活泼类型（虽然演技真的有点做作）
巩俐则是姐姐大家闺秀，妹妹是真小孩子的神态。姐姐高冷妹妹高甜。
两个演员的思路都没啥问题，关键就在于这部电影的如梦和入仙双胞胎是一个核心点，所以表达的方法必然是要人设反差观众才能分清楚，方季惟演的姐妹二人的人设距离很近（演技又差），就不能形成反差，巩俐在这方面完胜，不管是细节还是表演都很通，不愧大佬。
如仙是高贵冷艳的大家闺秀，刚出场的镜头就胜利了，这个镜头里表现了如仙的冷艳高贵，又让人忍不住随星星一样突然震惊那个河边初遇的娇俏少女怎么也在此，她是谁？（相比之下方季惟版就是平铺直叙的镜头）

星星误会是和她游玩时要触碰她，她立马予以阻止，可以看出大家闺秀的自爱与距离感；发现星星装神父欺骗她，可以看出生气了，但是她像个有修养的大家闺秀一样并没有直接发出怒火，只是用合适的语言告诉星星希望星星和她保持合适的距离；发现市长爸爸出卖丁力，聪明地去打电话，被发现后害怕又勇敢地反抗，条件反射地反驳自己爸爸不是汉奸……
如梦与星星更甜，
初见星星时娇俏一笑后策马而去；
给星星画像；
和星星照相时，害怕照相的闪光；
看见姐姐死，汉奸看见她，害怕的离开；
假装如仙时，被爸爸威胁吓一跳，要和星星呆在一起，捏鼻子贼可爱，生病那场戏里星星真的对她无奈又宠溺。
第一次喊出星星，连春天都惊喜；
坚定地想要保护星星；
被打后被星星的鬼脸逗笑；
扯着星星的衣角出场；
巩皇如梦全剧基本只有一句话“星星”，但是不同的情感都出来了，而巩俐演妹妹的时候笑起来嘴张到最大，完全不在乎形象，这点也挺像小孩子的

如仙冷艳，如梦娇憨，和星星的感情戏又甜又自然






④巩俐细节处理的更好，细节场景镜头和其他演员的配合都恰到好处，和其他演员一起增加了很多细节。好的演员会相互影响。
比如说，前面的如仙知晓汉奸爸爸，知道先打电话――聪明，反驳大军……被打下楼，大军看见跑过来的如梦说“她”来替代如仙（这都是方季惟版没有的剧情）市长爸爸提起自己这个“低能”小女儿也比方季惟版的带些痛苦与爱恋。


比如说如梦看见姐姐被打下楼，惊吓到转身跑了，这是人面对惊吓的本能反应（然而方季惟就一直捂着嘴站在那），爸爸让她假装姐姐时，躲在星星身后，和星星的捏鼻，那里两人感情又自然又甜……
还有星星华丽出场时，她在后面扯着衣角，不得不说，这个画面里他们俩都是主角的感觉，方季惟那版如梦就有点边缘化了。


在这种表演下，落到结局才辣么感人啊…（鄙视因为当年港片的尿性有个多余的前部女主客串结尾，削弱了这部的感情…当时作为观众，我前一秒还感动如梦星星的感情来着，下一秒绮梦就出来了，我眼泪憋回去了……虽然看前几部我也喜欢绮梦）
⑤几年后，星爷再次邀请巩俐一起出演《唐伯虎点秋香》，已经可以证明了~


</影评>
<有用数>15</有用数>
<没用数>1</没用数>
</review>
<review>
<作者>刹那の风景</作者>
<作者评分>4</作者评分>
<时间>2010-01-05 19:04:30</时间>
<影评>
        监狱里，巩俐和星星的手拉在一起。

然后是不是可以不分开。

她说的没错

生命里，有的人会陪你很久。

有的人会短暂的停留。


星星最后自己单个人回来了

可

我觉得生命，已经死去了。

时间

能不能像短短的小电影

定格在一瞬间

像一幅好看的画一样

温暖自己的心
      </影评>
<有用数>26</有用数>
<没用数>5</没用数>
</review>
<review>
<作者>oranges</作者>
<作者评分>4</作者评分>
<时间>2022-05-26 17:34:19</时间>
<影评>



众所周知，本片港版 台版剧情一致，女主不同
— 台版：
方季惟（本片主题曲就是她唱的），仅发行了VCD，画质很差
— 港版：
巩俐，已发行修复版蓝光，画质极佳


—— 两女主同一场景对比图
毕竟是俩人拍摄两次，我已尽可能截到最大程度一致
1



2



3



4



5



6



7



8



9



10



11





方季惟挺漂亮的，同时她也演唱了本片主题曲，国粤版本都是她唱的！

== 星爷电影删减分析 另期 ==
《九品芝麻官》（比较109min完整版）删减的内容与区别：
https://movie.douban.com/review/14520392/
《鹿鼎记》（1992）110min版（比较台版125min）删减的内容与区别：
https://movie.douban.com/review/14415376/
《鹿鼎记2：神龙教》（1992）98min（较台版101min）删减的内容及区别：
https://movie.douban.com/review/14418225/
《大内密探零零发》港版、台版、大陆版之间的区别：
https://movie.douban.com/review/14390356/




</影评>
<有用数>7</有用数>
<没用数>1</没用数>
</review>
<review>
<作者>黏我啊</作者>
<作者评分>3</作者评分>
<时间>2017-06-05 07:35:30</时间>
<影评>


影片有着《回到未来》的谐趣。
　　密集的笑料，天马行空的情节，真实历史人物（川岛芳子）与虚构人物（丁力以及所有奇葩）的怪诞组合，以及快节奏的剧情推进，保证了人们在无尿点的情况下依然能够笑尿，加上周星驰那招牌式的笑声（石班瑜的功劳），以及对白的毫无节操，构成了周星驰电影一如既往的无厘头风格。老搭档吴孟达在影片中依然最为抢眼，抚今追昔，不禁让人心生唏嘘，顿觉人生变幻无常。巩俐的演出堪称败笔，就像她自己演的那个白痴一样，是个白痴，事实证明她演不了这个。
　　最早是在录像厅里看的，当时留下印象最深的就是赌王“今晚打老虎”和盖世奇功“夺命剪刀脚

</影评>
<有用数>16</有用数>
<没用数>3</没用数>
</review>
<review>
<作者>开放社会</作者>
<作者评分>4</作者评分>
<时间>2021-05-01 23:24:33</时间>
<影评>

无论赌片和喜剧，本片都不算出众。赌术已经特效化为特异功能了，技术含量已无限接近于零了。本片也没有很好的笑点，反而是星仔在本片中的感情线很值得玩味。
在《赌侠》系列的第一部中，星仔的初恋和梦中情人是绮梦并找寻多年，但绮梦本人在影片从来没有出现过。梦萝（张敏饰演）因为欠反派200万并且极像绮梦而被反派利用，作为让星仔失去特异功能的诱饵。梦萝风情万种，满脸唇印地让星仔的特异功能失而复得。第一部结局自然是反派被打败，梦萝债务了断重获自由，并和星仔拍拖（刘德华饰演的陈小刀和龙九拍拖）。
星仔穿越到1937年的上海时，第一个看到的就是如仙的双胞胎妹妹如梦，他们是上海市长的两位千金小姐。姐姐如仙，人如其名，美如天仙。妹妹如梦也人如其名，人生如梦，她因儿时脑膜炎后遗症导致只有五岁小孩子的智商。星仔却不知道两人双胞胎姐妹的真实情况，一直认为自己看到的是如仙，并对“如仙”产生好感。此时的星仔无论是否还和梦萝在一起，至少眼前已经把梦萝抛在脑后了。李敖曾经写过一首诗《我的爱情浅》，这首诗名显然很适合星仔。
初恋美好，但是总会有人能让你忘记初恋，这就是男人，男人总需要身边有女人作伴。
说回第二部。丁力对如仙颇有好感，市长这个汉奸爸爸自然乐见其成，但是丁力也不知道如梦的存在，更不知道星仔已经见过如梦还暗生情愫。星仔以为自己见到的就是如仙，所以极力追求，甚至不惜打晕神父假扮以求接近如仙。星仔因为自己喜欢的如仙和老板兼朋友的丁力订婚而痛苦不已。但是当如仙的闺蜜春天（吴君如饰演）把如梦带出来假扮如仙和星仔野游一天的时候，星仔不但完全不顾如仙是丁力未婚妻的身份，也没有对自己和丁力未婚妻的这种不伦感情和行为有丝毫愧疚。唯一就是跟春天说觉得今天的“如仙”感觉傻傻的，春天糊弄他几句后，星仔就又沉浸在了自己的幸福中了。
男人见色起意后绝对能色胆包天，这就是雄性荷尔蒙的真实面目。随着年龄增长，雄性荷尔蒙的减少分泌，情况才有所改观。
如仙被黄金贵害死后，如梦假扮“如仙”参加最后的赌局。遇到危险后，如梦一直喊着星星的名字，害怕的时候只愿意往星仔的怀里钻。星仔知道如梦身份的真相后，对如梦一开始是不屑的。如梦在牢房中隔着栅栏拼命地盼望着和星仔拉手，希望得到安慰和鼓励，但是星仔却面无表情的后退了。爷爷周大福（吴孟达饰演）劝星仔不要这样。星仔说，她（如梦）只有五岁的智商，还是个小孩子，她只是把自己当爸爸、哥哥看待而已。周大福开释他说，即使不能谈恋爱做女朋友，那你也可以把她当做女儿和妹妹来疼爱啊。星仔若有所悟。于是，隔着栅栏，如梦和星仔两人不断叫着彼此的名字，手紧紧地拉在了一起。在星仔危难的关头，如梦却放弃逃生，独自一人回头去找星仔，看到星仔遇险，毫不犹豫地替星仔挡了重重的一脚，昏倒在地。
男人永远是先因为女人的漂亮和美丽而先动色心，色心动了之后才可能慢慢走心。当今社会，选择伴侣，无论男人还是女人，最重要的就是金钱和外貌。或许是大家早已忽视了，曾经有一种品质叫做责任感，它是男人的脊梁；曾经有一种美德叫做善良，它是女人的血液。责任感和善良曾经是衡量好男人和好女人的标准。曾经男人选妻以良淑为先，选妾以色艺为先，如今多是相反，所以才叫做曾经。
如梦的纯真至善举动唤起了星仔片刻的男人责任感。在回到1991年香港的时光隧道开启后，星仔想把如梦也带走，用现在医学把她治好。可是，在大军的提醒下，星仔意识到，这有可能导致如梦直接因为几十年的时间差而老死在时光隧道的另一头。为了让如梦活下去，星仔含泪把如梦推了出去，孤身返回现代，并说自己以后都不会再恋爱了。转眼，梦萝驾着跑车出现在了星仔面前，星仔仿佛又忘记了如梦这个人，大声喊着绮梦这个名字，奔向了梦萝，全剧终。片尾曲《怨苍天变了心》响起。粤语版片尾曲是《恨在今天再相遇》。
男人有真爱，但不止一个。风情万种的女人总让男人无法放手。美丽善良的女人只能让男人偶尔回忆起。如梦是幸运的，因为她不仅善良还拥有美貌，所以让星仔记得深。可如果，如梦没有美貌只有善良呢？星仔还会喜欢她吗？亦或许，星仔喜欢和怀念如梦的既不是她的善良，也不是她的美貌，而是那种“一哭一笑都迷乱”的感觉:一个可以用特异功能控制别人的人自然怀念的是可以控制他的人。
男人像蓝牙，你在身边，他就处于连接状态，你走开，他就搜索其他设备了，配对无需密码；女人像WiFi，她可以看到所有可连接设备但是会选择信号最强的连接，前提是你得有密码，当然也有无需密码的。所以，1937年的上海，星仔选择了在他身边的如梦；回到1991年的香港，星仔当然选择此时在他身边的梦萝了。
王晶有时候会在荒诞之中夹杂着一些人生思考，有意还是无意只有王晶自己知道。作为王天林的儿子，王晶绝对不是烂片之王，他是香港电影一个时代的书写者和见证人之一。
粤语和国语版的片尾曲，我听了很多很多遍，真的是写得太好了，甚至可以说这部片尾曲让电影得以升华。
粤语版是和这部电影本身一样，是一种现实的清醒感。为什么恨在今天再相遇呢？因为“有许多牵挂，无法再潇洒”，因为“有许多苦与酸，无法再轻松”，因为“我此心早已破损”，所以不如“埋葬记忆片段”、“惆怅往事凌乱”。如果要重聚，那是“回头要走千圈”、“重回痛苦深渊”。所以要面对现实，“你我不可，唯有一一割断”，只是“再叹一声，情爱路为谁倦”。

两首比较起来，我更喜欢国语版的意境。你是一朵云，飘入我的视线，向我而来。云朵的归宿不是天空而是大海。我盼望着、等待着，你化作雨水融入我大海般的胸怀。我在下面仰望着你，却见你饱含泪水、孤独地飘零在天空中。你我无缘再聚，不是你我无情，不是时空变幻，而是因为苍天改变了心意。我怨，但不恨，因为处在红尘俗世的人们总是自做多情、惹来烦恼，你我也未能免俗。我祈念相遇的时候，你我风华正茂，而不是1991年代的我和1937年代的你、相逢在了错误的时间和错误地点。时空阻隔岂是长路迢迢？任千山万水总能走尽；情丝缠绕岂是长发飘飘？任再好容颜总会如青丝逝去。我祷告，当我告诉你、我要离开的时候，你已能平静，只愿你放心、不要你担心，而我也会假装平静，当自己没心没肺怎么伤心。我本应属于你，你本应属于我，可，天若有情天亦老，月如无恨月常圆，你我已把人生看尽。你没有变心，我也没有变心，只怨苍天变了心。
国语版意境真的好，但是电影里的星仔不配啊，如果星仔真的很爱很爱如梦，那么他为什么非要回到1991年的香港呢？？？

方季惟《恨在今天再相遇》粤语主题曲_bilibili

方季惟《怨苍天变了心》国语主题曲_bilibili




</影评>
<有用数>4</有用数>
<没用数>0</没用数>
</review>
<review>
<作者>润物</作者>
<作者评分>3</作者评分>
<时间>2019-02-21 04:21:21</时间>
<影评>

这是继赌神、赌圣、赌侠之后，诞生于当时赌片风潮之下的又一部作品，编剧和导演都是王晶，也算是《赌神》系列的一个番外篇。
人物方面，延续了之前故事中阿星与三叔的设置，包括龙五、大军等都有戏份；故事设定为穿越，让赌圣的特异功能依旧延续着发挥的空间，剧情本身比较扯，而且是典型的王晶式乱搞杂糅，各种小心思的设计，让周星驰等人的无厘头表演得以充分地展示，此时的周氏无厘头已经开始渐入佳境，逐步进入了成熟期。
尽管电影的故事不值得进行太多探讨，但片子所涉及的元素非常之多，动作、枪战、赌、穿越、恶搞等大锅烩一样地进行呈现，这是王晶的强项，同时也是那个年代商业电影的一种潮流。
巩俐作为当年内地最火的女演员参与了出演，戏份虽然不多但表现堪称完美，分饰两角秀了一把演技；吴孟达和吴君如的演出深入人心，向华强依旧在玩票自嗨，黄韵诗的川岛芳子令人印象深刻，张敏最后的出场除了噱头以外，还留下了一个极其惊艳的经典画面。
这部片子还有另外一个版本，女主角的戏是台湾女星方季惟演的，这是当时为了让此片能够在台湾上映，制作者们特别安排出的解决方案，因为那个时候在台湾公映的电影，是不允许有内地演员出镜的。
电影的片尾曲很不错，非常有感觉，推荐收藏。


</影评>
<有用数>3</有用数>
<没用数>0</没用数>
</review>
<review>
<作者>焱誉</作者>
<作者评分>5</作者评分>
<时间>2018-06-20 00:28:51</时间>
<影评>

闲来无事，搜了周星驰，打开了赌圣2上海滩。本来当爆米花电影看的，没想到还挺有触动。当然集中于感情线。阿星初穿越到1937年，被如梦的天真痴情所迷，直到遇到了大哥的女友，如梦的姐姐如仙，那种对如梦的感情瞬间投入到了如仙的身上，眼前这个时尚，潮流，气质，近乎完美的现代魅力女郎的所有标准都牢牢抓着他的心，让他沉醉在完美的春梦里无法自拔。但现实就是这样，不存在完美的人。姐妹俩性格完全不同，妹妹如梦智商更是只有五岁，知道这样，阿星退缩了，他不想要这个女人了，心中的情分只剩下当父亲或哥哥的义务（同情）。即使这个女人肯为他挡下一脚甚至豁出命去，也不可能挽回。她爱这个女人吗？不爱！爱的只是美丽的外表和“肮脏”的内心（最后性感绮丽出现轻轻松打破誓言）。还有，如梦被日本军官踢翻那一下，正常有感情的都会赶紧看伤势。阿星的做法是打倒日本军官让他说对不起。我都不敢揣测这里面他的想法，怕他巴不得……人性太可怕。最近看恐怖悬疑小说里的一句话还记忆犹新：鬼有什么可怕，相比鬼来说，我更怕的是人。最后他想带如梦回现代都显得假惺惺，因为完全可以留在37年相伴。到头来如梦虽然作为女主，但确实一个不折不扣的悲剧。悲在太傻，和一生的赌徒赌自己的一生。

</影评>
<有用数>10</有用数>
<没用数>2</没用数>
</review>
</reviews>
</movie>
