<?xml version="1.0" encoding="UTF-8"?>
<movie>
<电影名>碟中谍3 Mission: Impossible III</电影名>
<年份>2006</年份>
<评分>7.6</评分>
<封面>https://img1.doubanio.com/view/photo/s_ratio_poster/public/p802439727.jpg</封面>
<导演>J·J·艾布拉姆斯</导演>
<演员>汤姆·克鲁斯 / 菲利普·塞默·霍夫曼 / 文·瑞姆斯 / 比利·克鲁德普 / 米歇尔·莫纳汉 / 乔纳森·莱斯·梅耶斯 / 凯丽·拉塞尔 / 李美琪 / 西蒙·佩吉 / 埃迪·马森 / 劳伦斯·菲什伯恩 / 巴哈·索莫克 / 杰夫·蔡斯 / 小迈克尔·贝瑞 / 卡拉·盖洛 / 贝拉米·扬 / 简·达利 / 格雷戈·格伦伯格 / 罗丝·洛林斯 / 萨莎·亚历山大 / 特雷西·米登道夫 / 亚伦·保尔 / 凯瑟琳·费奥雷 / 肖恩·奥布赖恩 / 布鲁斯·弗兰奇 / Ellen Bry / Tony Guma / 詹姆斯·肖安科林 / 安妮·贝坦克特 / 安德里亚·萨托雷蒂 / 弗朗西斯科·德·维托 / 乔治·马尔凯西 / 尼可洛·森尼 / 保罗·博纳切利 / Michael Kehoe / 蒂莫西·奥门德森 / 何塞·祖尼加 / 郑伯昱 / 罗伯特·阿隆佐 / 布兰登·P·贝尔 / 杰米斯·巴特勒 / 乔治·张 / Abra Chouinard / 查尔斯·拉西·陈 / Jonathan Dixon / Dana Dru Evenson / Michael Fisher / 黛安娜·加埃塔 / Allison Giannini / 小泽吉郎 / 艾里克斯·库兹曼 / 丹·明德尔 / 布兰顿·莫拉勒 / 罗伯托·奥奇 / Douglas Price / Kwame Rakes / 西蒙·瑞 / Evan Shields / Ben Solenberger / 宋静秀 / 吉米·斯达 / 约翰托宾 / Jasmine Brooke White / Ty Williams</演员>
<简介>伊森（汤姆·克鲁斯 Tom Cruise 饰）曾是任职于特殊部门的秘密特工，自从一位名叫茱莉亚（米歇尔·莫娜汉 Michelle Monaghan 饰）的美丽女子出现在他的生命里后，伊森决定金盆洗手，卸甲归田。遗憾的是，好景不长，幸福的生活还没过多久，伊森便接到了徒弟林德赛（凯丽·拉塞尔 Keri Russell 饰）被死对头戴维恩（菲利普·塞默·霍夫曼 Philip Seymour Hoffman 饰）掳走的消息。戴维恩冷酷又凶残，林德赛落入他的手中可谓是凶多吉少。
                                    
                                　　为了解救林德赛，伊森重操旧业，他组织了一支精干的特工小组，向着目标人物发起了进攻。让伊森没有想到的是，戴维恩的真正目标并不是林德赛，而是茱莉亚，当爱妻落入敌手之时，伊森会做出怎样的反击？</简介>
<reviews>
<review>
<作者>钭江明</作者>
<作者评分>3</作者评分>
<时间>2006-07-21 11:40:55</时间>
<影评>
        《谍中谍3》

20号铜锣湾皇室戏院。

 

大片。发生在中国。

看得挺爽的。

另外就是发现汤姆克鲁斯们比中国导演拍的中国真实多了。

即使是香港导演拍的上海，

比如《大城小事》，比如《炮制女朋友》，

都只呈现一个浮夸（往好的说，就说浮华吧）的上海。

他们跟真实的中国人距离实在遥远。

而汤姆克鲁斯似乎怀着猎奇的心态在上海横冲直撞时，

却闯到真实的中国人中间。


剪刀手有够无聊--《碟中谍3》 

 

2006-07-20　15:02:23 

 

大　中　小 

上午带远道而来的侄女去青宫看《碟中谍3》。

看完问她好不好看，结果她先说了一句，我四年没进电影院了，适应了好一阵子。

在中国，看电影的人真的只是一小撮啊。

 


 

回来查到这则新闻，印证自己的感觉。跟上月在香港看原版比，的确是如下精确列出来的，删了这么些。

或许可以说无关紧要，只觉得为了维护一个所谓国际大都市的形象，这样做可以称为“人不能无聊到这个地步”。

http://ent.sina.com.cn/m/f/2006-07-18/00581161980.html

“第一处：片头部分有一段带有闪回性质的5分钟段落被整个拿掉；”

 

这一段删除应该是最伤筋动骨的。

删掉这个开头，让《碟中谍3》的叙述从倒叙完全变成了顺叙。由倒叙带来持续近一个半小时的悬疑感完全消失了。

不知什么人为什么敢这么大胆剪？

原创导演也许挖空心思想到的一个花活（虽然我觉得因为这个小技巧带来的悬念其实也不是很大不了的）--打个比方，这个片头类似于一个留了IT光头发型的人精心蓄在脑后的一小绺沾沾自喜的头发--现在，咱这位二度创作者看着多余，就给它喀嚓掉了。

旁人看了不会觉得什么；

见过这位仁兄剪发前后真容的我也不觉得有什么，只是觉得这位先生朴实了；

这位仁兄可就在心里吐血呢。

“第二处：片中进入上海的第一个镜头就被删，即一只鸟正在鸟笼上面跳着；”


原片中，导演这里大概是想来个微型的闲笔吧。现没了。


“第三处：阿汤哥从浦西的民居窗口看到浦东的高楼群，其中镜头滑过晾晒在阳台上的衣裤场景被删；”


比原片那段戏的节奏有点变化。


“第四处：繁华南京路上的紧张追车戏份被部分缩短；”


这个不得不借用性方面的比喻，那个……就是，时间短了。你自己体会去吧。


“第五处：在西塘，阿汤寻找爱妻，推门看见的一群老人正在打麻将的场面也不翼而飞；”


当时看到这里时，我和满场观众都笑了。因为这个场面跟前面阿汤飞奔的急切对比强烈。


“第六处：西塘四处横生的晾衣竿镜头没有了；”


没话说。


“第七处：阿汤哥遭遇大反派菲利普·霍夫曼严刑拷打的段落被全部删除，原片中这段场面显得有些暴力血腥；”


哦，就是这样。现在这样子删就不觉得阿汤哥太辛苦了。想起来电影前面四人组捉到这位大反派时，阿汤哥暴怒，打开飞机底部修理他的场面也被剪了。剪刀手倒挺能搞平衡的。


“第八处：阿汤哥拿着手机在西塘奔跑，老人们无动于衷地望他的镜头没了。”


忘了。


总结一下，的确这些剪得都不影响剧情，也不是都很影响观感，


反正有够无聊就是了。

 

 
      </影评>
<有用数>144</有用数>
<没用数>35</没用数>
</review>
<review>
<作者>彩蛋君KL</作者>
<作者评分>4</作者评分>
<时间>2018-09-08 10:24:18</时间>
<影评>

 



1. 大卫·芬奇最初受邀执导这部电影，但后来跑去执导《狗镇之主》（这部还没有拍成又跑去执导《十二宫》）。芬奇版《碟中谍3》的故事是由非洲人体器官黑市交易而展开的斗争。



2.阿汤哥在一天晚上凌晨两点看完一集《双面女间谍》后，当场决定找J·J·艾布拉姆斯来执导《碟中谍3》。



3. 影片本来保留了桑迪·牛顿饰演的奈雅一角，但她因为家庭原因而放弃了参演，后来这个角色在剧中改名为Leah Quint，并由凯瑞-安·莫斯来扮演，但当J.J·艾布拉姆斯接手导演一职后，这个角色就被从故事中删掉了。



4. 斯嘉丽·约翰逊原本有望在本片中扮演一个角色，但由于《逃出克隆岛》的失败，令她对商业大片失去了信心，于是推掉了《碟中谍3》的合同，专心演出独立电影。最后她的角色由凯丽·拉塞尔接替演出。



5. 英国演员西蒙·佩吉主演《僵尸肖恩》大获成功后，被问到是否愿意到好莱坞发展，他的回答是：“说得好像我要演《碟中谍3》一样”。结果佩吉真的参演了《碟中谍3》。


 

6. 影片中伊森通过一次性相机获取新任务，这个桥段是大导演史蒂文·斯皮尔伯格提出的主意。



7. 伊森家的内景是依据导演J.J.艾布拉姆斯的家设计的。当伊森在派对上接到电话时，另一头是导演本人的声音。



8. 解剖女特工的镜头中，从脑补取出子弹的手是导演J.J.艾布拉姆斯的。



9. 影片中，伊森在医院寻找茱莉亚时，导演J.J.艾布拉姆斯出现在背景中，客串一名正在讲电话的医生。



10. 影片中，伊森被强行注射微型定时炸弹到鼻子中，这一幕中拿着注射器的手其实阿汤哥自己的。



11. 伊森咬艾迪的手时，那只手也是阿汤哥的，因为导演觉得让阿汤哥咬别人的手会很奇怪。



12. 剧组在罗马拍摄本片时，由于无法阻止好奇群众四处围观，他们特意在片场附近安排了一个“假剧组”，并聘请比基尼女郎和穿着修女服的妇女假装参与拍摄，结果成功把群众吸引了过去。



13. 阿汤哥在片中亲自出演了大部分特技动作片段，而且几乎没有受伤，但却因为一次扭动上肢太快而伤了几条肋骨。





文 | 彩蛋君KL
本文部分内容来自IMDB，图片来自网络及截图，侵权请联系。



拓展阅读：
《碟中谍1》中你可能不知道的秘密
《碟中谍2》中你可能不知道的秘密
《碟中谍4》中你可能不知道的秘密
《碟中谍5》中你可能不知道的秘密



了解更多关于电影不为人知的花絮与彩蛋，欢迎关注「电影彩蛋堂」（movierush）。
「电影彩蛋堂」专注分享电影彩蛋



</影评>
<有用数>94</有用数>
<没用数>0</没用数>
</review>
<review>
<作者>老晃</作者>
<作者评分>4</作者评分>
<时间>2006-07-20 14:23:01</时间>
<影评>
            不错不错，相当不错，我喜欢。


    除了上海，特别是西塘场景本身的促狭，以及被剪掉的10分钟比较令人不爽以外，整部《碟中谍3》（特别是上半部），无论情节、人物抑或大场面的控制，都趋于完美，且令人振奋。前三场重要的动作戏分别是营救、梵蒂冈和劫持，多少都有些炫技和耍酷，但好在剧情环环相扣，情绪以一贯之，因此相当过瘾。


    J.J. Abrams显然是使出了吃奶的劲儿，把《双面女间谍》时代培养的间谍片语感，统统拿来完善这部电影，事实证明，他弄的这个东西，比吴宇森强。吴宇森其实几乎毁了《碟中谍》系列，而J.J. Abrams则在Brian De Palma追求的冷峻周密和吴宇森崇尚的暴力造型之间重新找到了平衡，当然，似乎依然有不少的女观众对第三集密集的暴力场景感到不满，但大多数男性观众则对此相当受用。


    跨海大桥的一场戏显得非常突出，J.J. Abrams拍出了商业片同类情节少有的动荡感和现场感，美中不足是战斗机爆炸的CG显得有些仓皇；第一场营救戏，好在不断出现的意外，和多重危机叠加的戏剧效果；梵蒂冈好在场面调度、节奏和美女Q，当然，其实还可以再细致一些，再精致一些。


    也不想说得太多，看《超人》而没有过瘾的，建议你去看看这个。


        
http://oblog.odineast.com/user1/22/archives/2006/4203.html

</影评>
<有用数>57</有用数>
<没用数>9</没用数>
</review>
<review>
<作者>爱吃馒头的宝宝</作者>
<作者评分>4</作者评分>
<时间>2017-07-10 16:27:44</时间>
<影评>

个人认为第三部相比第二部还是有较大起色，影片故事情节紧张精彩惊险刺激，从序幕就开始抓人眼球，之后精彩场面一波接一波，故事情节的进展很快，场景的切换也很迅速。既是一部精彩谍战片，又是一部美丽风光片，从罗马到上海再到嘉善西塘古镇，好莱坞大片融入了中国元素很亲民。 很值得看看。
这种商业片成功就成功在你到最后一秒还在怀疑自己的判断。还有这种特工片好看的地方不在于主角最后三十分钟的反击，而是中间一次计划周全的任务。
想想当特工的亲人挺辛苦的，出去执行任务还要编善意的谎言，还要时不时面对自己同行的各种动乱，甚至被人合伙给蒙骗…你爱的人有多辛苦，你也就会有多辛苦…这个系列的经典配乐，还有每一部的高难度的危险动作这都成了系列的标配，阿汤哥看起来还很年轻。

</影评>
<有用数>43</有用数>
<没用数>1</没用数>
</review>
<review>
<作者>Bill</作者>
<作者评分>4</作者评分>
<时间>2006-07-22 21:23:56</时间>
<影评>
        在这个热的只剩下太阳的午后，我冒着中暑的危险前去影院观看了正在全国各地热映的动作大片《碟中谍3》。

 

虽然该片从第一集到第三集连续换了三个导演，但是《碟中谍》系列的魅力却经久不衰。故事依然精彩，场面仍旧火爆，情节更加紧凑，我们那不可能完不成任务的阿汤哥还是那么的迷人。区别于第一集的精彩开幕，第二集的暴力美学，该系列的第三集在剧情设置方面做出了很大的改变，故事从头到尾好象只在一乎一吸之间，甚至于我们已经忘记了呼吸，只是在那里长时间的长着嘴巴呆呆的看阿汤哥跑来跑去，由此即可说明影片节奏的快捷之处。

 

在这一集中本系列故事永远的主角伊森好象就没有要停下来的意思，当他得知自己新婚的妻子遭到匪徒绑架后，他便如同《24小时》里同样疲于奔命的杰克一般拼命奔跑一刻也不得停歇，为的是赶在最后的时间到来之前救回同样被匪徒绑架的妻女；他也像《大话西游》里的至尊宝那样为了挽回自己失去的爱情在“月光宝盒”的帮助下一遍又一遍不厌其烦的“般若波罗密”，就算是把自己送到了500年前也无所畏惧；他更像《罗拉快跑》里的红发罗拉一样为了用钱赎回爱人的生命忘乎所以的奔跑着、大声呼喊着，最后终于得偿所愿的完成了那个根本不可能完成的任务。尽管剧情是老套的英雄救美，虽然我们都知道无所不能的伊森将最终战胜敌人救回自己的爱人并且完成上级指派的任务同时揪出幕后黑手，但是在导演艾布拉姆斯的处理下，一切都如同行云流水一般，让观众觉得是那么的自然，好象事情本就该那样似的。这个因为之前所确定导演退出而被阿汤哥亲自邀请过来进行影片拍摄的“救火队员”并没有因为“赶鸭子上架”的缘故而辜负阿汤哥对他的期望，他非常漂亮的完成了阿汤哥交给他的任务。至少在我看来，他做的非常好，他所执导的这一集已经完全超越了该系列的前两集作品，这并不是一种简单的延续，而是一种对前作的颠覆，给人一种耳目一新的感觉，或许票房将会是最好的证明！值得一提的是，香港影星Maggie Q在本片中的表现也很是抢眼，她也用自己纯熟的演技向人们证明，她并不是那个只起到装饰作用的花瓶。

 

我想这绝对不会是该系列作品的最后一集，不论是从情节上还是票房上都再一次的像我们保证，这个简单的故事还没有讲到最后。好莱坞有一个习惯，那就是只要影片卖作，一定会接着拍下去，直到没有人看为止，他们从来都不懂得见好就收，他们只知道不见棺材不落泪，所以说，或许在不久的将来，我们又将会看到一个全新的伊森出现在我们面前，为了国家为了荣誉也为了票房挑战那些在常人来看根本不可能完成的任务。

 

P.S. 影片中有一个小细节不知道大家是不是有所注意，那就是当伊森成功偷取“脚兔”后，和前来支援的队友乘坐“陆虎”穿越在上海的大街小巷时却苦于电话没有信号而迟迟位能于绑匪取得联系。也不知道伊森用的是哪家电信公司所提供的服务，如果是中国移动或联通，那么将是对其所号称“信号覆盖全球”莫大的讽刺。
      </影评>
<有用数>47</有用数>
<没用数>8</没用数>
</review>
<review>
<作者>安东</作者>
<作者评分>3</作者评分>
<时间>2006-09-27 14:08:04</时间>
<影评>

    看了《碟中谍3》，终于见到了传说中的小广告，呵呵，亲手抓了一张图，留作纪念。
    电影总体水准一般，不过几个动作场面很是精彩，阿汤哥在上海飞跃高楼那场戏，惊得我小心肝扑通扑通直跳啊！
    当然，最亲切的还是他在“上海”逃亡的那一段。电影里所谓的“上海”，其实是西塘。
    2006年春天，我到西塘玩了一圈，到处都能看到汤姆·克鲁斯的“遗迹”。比如有一家卖臭豆腐的小店，墙上挂着老板和靓汤的合影。卖臭豆腐的老板很牛逼，跟我谈起话来，满嘴的英格历史。我问老板：汤姆·克鲁斯敢吃臭豆腐吗？
    老板摇头：他不敢吃，说“bad smell”，我劝他“just try,taste good”，他又闻了闻，还是说“no”。
    那时《碟中谍3》还未上映。如今看电影才发现，靓汤逃亡的路线，基本和我们游玩的路线相差无几。看着西塘那熟悉的景色，很是激动。
    南方小镇大多民风淳朴。春天去西塘之前，我们先去了锦溪，女朋友马马虎虎，居然把数码相机遗忘在了休息时坐的椅子旁。二十多分钟后我们才发现相机不见了，赶紧回头去找，本以为肯定被人捡走了，哪知当地一个村民发现椅子上有个相机之后，一直坐在那里，等我们来找。当时心里很感动，这样淳朴的民风，真的已经快要在中国绝迹了。
    看了《碟3》，有了重游西塘的念头。在去过的几个水乡里面，西塘是最美的。真希望能有一个月的假期，让我能在那里悠闲地生活一阵子，每天早上看着薄雾从河上升起，晚间坐在河边跟朋友喝黄酒聊天，白天就在那些谜一样的老房子里穿梭，游荡……



</影评>
<有用数>24</有用数>
<没用数>6</没用数>
</review>
<review>
<作者>二姐</作者>
<作者评分>3</作者评分>
<时间>2006-05-18 19:19:47</时间>
<影评>
         1、伊桑.亨特是最漂亮的特工，而007是最风流的特工。最漂亮的特工在这一集里结婚了。所以，这一集的内容可以概括为十八个字：干掉危险份子，冒死救出老婆，顺便挖出内奸。他对老婆的款款深情软化了一个动作片过于硬朗的部分，特工也是有感情滴！而且我还觉得，为了老婆去拼命，比纯粹为了国家去拼命来得更实在。那临死前高呼freedom的，不也是因为老婆被杀才最终决定揭竿而起的嘛。

  

      2、第一女主角是按照凯蒂.霍尔姆斯的模样找的。太像了，就是戏里这位年龄大点儿。我恶毒的理解是，如果不找一个长成这样的，现实中处于热恋的阿汤哥很难在戏里表演出对老婆的爱。

 

      3、菲力浦.什么什么.霍夫曼，跟阿汤有对手戏，但是我没有看到传说中的飙戏，因为没的可飙。他往那儿一站，就有戏；靓汤再怎么努，也就那样了。这世上没有公平，努力不代表一定优秀，好比《芝加哥》，大美女泽塔琼斯又是劲舞露大腿又是靓衫展美胸，可是，泽尔维格一出场，一个眼神就把她毙了。没理可讲。

 

      4、有个伏笔。那个内奸让阿汤去上海，为了躲避监视，他说话没出声，阿汤读唇语读出来的。此前，在他们宣布结婚的趴梯上，有个镜头是他老婆朱丽安的嘴唇的特写，我开始理解为他对老婆美貌的欣赏；而后，他老婆和几个好友说到上学时一个人名，谁都想不起来是谁，隔了两间屋那么远的阿汤说，叫monica。那些女人都以为是他耳朵好。今天早上一睁眼，我明白了，不是，他读唇读出来的。读唇术有用啊，浪漫时讨好老婆，危险时救妻一命。没事可以练练。

 

       5、Maggie Q还是很惊艳滴说。她还加深了我一个印象，就是女人的漂亮程度应该和车的漂亮程度成正比，尤其是在最新版007已经开上了福特的这个年代。美女开破车和丑女开豪车，都一个字：糟践！买一送一：暴殄天物啊！不过，Maggie Q在片子里还没有一酷到底，阿汤让她炸那跑车的时候，她舍不得，她说what a nice car! 为了避免让耐克占到便宜，阿汤命令她说do it而不是just do it。她不应该舍不得，不就一车嘛，炸就炸呗，多少赞助商后边排队呢。知道了吧，酷女人的范儿，以后就不再仅仅是开个招摇的跑车了，而是说给它炸了就给它炸了，还是炸自己的。

 

       6、又一个好莱坞电影俗套：特工家属失手开枪打人奇准无比！朱丽安是医务工作者，没拿过枪；可是，坏人来了，她一着急、一睁眼也可能还有一瞄准，七八颗子弹毙掉一个歹徒，连她老公没亲手打死的最最罪大恶极的坏蛋都被她失手打死了。不光观众我不信，戏里阿汤都问，“你干的？”无独有偶，《真实的谎言》里，施瓦辛格的老婆也是失手打死好多坏蛋，救了老公性命。要不怎么叫俗套呢。

 

      7、算不算穿帮：坏蛋跟阿汤说给你十四个小时救你老婆（至少字幕上这么翻译的啊），然后阿汤就逃跑，飞上海（他肯定乘坐的是客机，有买票的情节），采取一系列行动，跳楼什么的。可是我记得，从上海飞到洛杉矶就要十三个小时啊！十四个小时救老婆，怎么可能呢？要不就是翻译把fourty当成fourteen了?

 

      8、最impossible 的mission，就是这个系列只拍到第三集。它会一直漫无边际地编下去编下去，比如，第四集，老婆死了；第五集，终于报了杀妻之仇；第六集，再婚；第七集，造小人儿成功；第八集，......

      
      </影评>
<有用数>29</有用数>
<没用数>9</没用数>
</review>
<review>
<作者>尼玛</作者>
<作者评分>3</作者评分>
<时间>2017-07-08 13:10:44</时间>
<影评>


碟中谍3观后感作文600字
来自匿名用户的提问
最佳答案由提问者推荐
碟中谍3观后感
1
刚看完《碟中谍3》，看它的初衷不仅仅是因为它是最近的大-片，更让我感兴趣的是它有很大一段在上海拍摄的，且里面有史上最强的小广告。
虽然这类片子看着很过瘾，看了之后好像也没有多深的印象，但是总体来说还是很值得一看，毕竟从头到尾一气呵成，情节扣人心弦。里面的很多高科技玩意儿让我羡慕，尤其是那厚实的军用笔记本，以及小巧的HPC(手持电脑，比笔记本小，比PDA大)。
看了第一遍，没有发现那个网上流传很广的办证的广告。于是看完之后，我又把镜头拖回来，慢慢地寻找这个场景。工夫不负有心人，总算把写它给找到了——阿汤哥拿着手机，在小巷里面飞奔的时候，突然开过一辆卡车，卡车过去之后，就能够在对面的墙上清晰地看到“办证 133********”的字样，且手机号码清晰可见。只是这个场景一闪而过，不仔细看的话，还真的不容易注意。
顺便说一下，上海场景里面出现的那种水乡小镇的街道，其实是在浙江的西塘拍摄的。偶于2003年曾去游玩过，感觉很不错，尤其是晚上，河边的灯笼都点亮了，放目望去，很有意境。

</影评>
<有用数>14</有用数>
<没用数>0</没用数>
</review>
<review>
<作者>傻乐的猫</作者>
<作者评分>4</作者评分>
<时间>2006-08-01 23:55:34</时间>
<影评>
        内地把这片翻译成《碟中谍》，这名字只适用第一集。


香港人的《职业特工队》据说按照电视剧的名字照搬，不过第2部也用不上，完全是老汤个人秀。


不能说第2部不好看，只是过于卖弄。


好在这一部回到主题，老汤明显老了，眼袋比我的还深，：），但戏好看了。


总之这一部好看，喜欢ALIAS的更不能错过，完全一个模子。（一到室内就黄色滤光）。


上海跳楼那段，我后排一男的说，这可比在家看DVD爽多了。


算是最好的评价了。


至于删掉的10分钟，


要不要买DVD补上，到时候再说吧。
      </影评>
<有用数>6</有用数>
<没用数>2</没用数>
</review>
<review>
<作者>老妇女</作者>
<作者评分>4</作者评分>
<时间>2006-05-17 03:32:57</时间>
<影评>
        无论如何，比起上一集宇森吴式的港式耍COOL，第三集的演出更象是阿汤哥自身的物种完美进化。

从人到SUPERMAN。

试问除了SUPERMAN谁能肉体无损的从导弹下生还，这可不是子弹，是近距离高空猝击的导弹也！！！

太猛了！！

不管情节是否合理吧，这个暂且不说，几出剪辑出色的打戏，营救袭击，包括梵帝岗的漂亮劫人，精心设计，令人动容~~~~~

在柏林郊外的废弃工厂旁以直升机穿越风轮发电站的设计，太过逼真，让人几乎当时立地猜测了一下，真实摧毁一架报废风轮的可能性~~~~~NO，NO，应该没这么大的手笔吧。


当然不合理的多了去了，譬如把照片无线传输到电脑里，当场用程控机器自动做人皮面具等等。何等的想象力，什么金老古大侠的易容大国手到这，全灭！！



麦鸡Q的确是超级亚洲美女，典型到无比的风范，令人倾倒不已。相较而言，阿汤哥老婆的演员长的如此神似凯蒂MM，就不得不让人怀疑，这到底是不是只是戏内戏外的巧合了—_—||||


生平最烦的感情戏，就是那种，以为直统统从眼眶里迸出眼泪来的长镜头频繁出现就能代表演技精湛的表演谬论。靠，我怀疑这一定是编导们屈服在阿汤哥的淫威（或者美色？—_—|||)下的所为。不愧是长篇电视剧的编导们呀，感情戏的运镜完全忽视了大屏幕的效果，冗长兼无趣。你们至于嘛你们？谁要看你们啼泪纵流地直白表演呀，给点含蓄的小细节设计，让我们觉得你们人性化兼有生活好伐？


阿汤哥，您老果然不愧是好赖邬无内涵的代名词啊~~~~望天~~~~~


幸好还有让人窒息的几场激战戏，好人奸角的兜底大转换~~~~这个~~~后者，不得不说，玩得相当幼稚，黑线||||


死跑龙套的大坏蛋，其标志性的台词相当COOL，虽然也很无聊——我一定要找到你心爱的女人，我要找她，不管她在哪，我会让你痛到底，在你面前杀死她~~~~~~~


一个这么让人欣赏的硬汉奸角，

——牛B到，动用导弹装甲雇佣兵的阵容在被掳几个小时内从容脱身然后火速报复，一招致敌；

——冷静到，即使身陷牢笼，被头朝下地用一根皮带凌空悬在飞机下，也死不松口，面无惧色，非常COMMUNISM党员的做派跟表情，

如此颠覆传统菘包形象的令人称赞的大反派，居然~~~~~他妈的，居然最后在西塘的破旧牙医室，要在阿汤哥老婆面前跟他单挑，这是无理头吗？还是拿观众开涮？这样高智商的大牛怎么允许自己犯如此低级的错误？还是说您老真是在西塘臭豆腐吃多拉把脑子熏傻了？



LOST的编导果然惯于在开始的一票精彩后紧跟着就是胡扯！！

他们善于通篇前戏做足的铺陈，很好，跟进的也算及时，动作注意到温柔与狂野兼顾，却偏偏在临门一脚的时候，随便马马虎虎地摸两下就完了~~~~~~


你叫我这个刚刚从西塘泡完了吧吃完了臭豆腐在小桥上左顾右盼地颠来颠去的家伙，如何能相信，这么牛B大发了的阿汤哥最后在西塘的牙医室把两死对头都给轰趴了，其中一个还是被秒杀在他刚学会拿枪的娇柔老婆手里！！！


而且，而且~~~~~~还用老掉牙的也许接近报废的冲牙工具把自己脑子里的高科技小装置给电歇菜了？这是真实煮饭仔游戏吗？~~~囧rz 


我宁可相信，这帮哥们玩转了柏林，梵帝岗，纽约之后，终于来到了亚洲销金窟——上海。哥几个吃啊喝啊，胡吃海塞做几个活动，没两下经费全花完了，得，找个小村子就地解决得了—_—||||


别介呀！最可气的是，最后也没说那个兔子饲料到底是虾米！！！！难道那是完全不相干的，好歹给个谜底呀！！


以后谁跟我说全球通在中国最不靠谱我跟谁急我，人跟美国秘密特工总部都能火速连线的说！！！以后谁跟我说超限战我跟谁急，人卫星定位的GPS可以全球锁定到甚至西塘里仅容一人侧身而过的小弄堂！全都玩去吧~~~~~~~~MIP：3通篇下来就三字：逗你玩！


</影评>
<有用数>17</有用数>
<没用数>3</没用数>
</review>
</reviews>
</movie>
