<?xml version="1.0" encoding="UTF-8"?>
<movie>
<电影名>H庄园的一次午餐 Poirot: Sad Cypress</电影名>
<年份>2003</年份>
<评分>8.1</评分>
<封面>https://img2.doubanio.com/view/photo/s_ratio_poster/public/p2219829662.jpg</封面>
<导演>大卫·摩尔</导演>
<演员>大卫·苏切 / 伊丽莎白·德莫特·沃尔什 / 鲁伯特·彭利-琼斯 / 凯利·蕾莉 / 保罗·麦甘恩 / 菲利斯·洛根 / 马里昂·奥德怀尔 / 戴安娜·奎克 / 斯图尔特·莱恩 / Jack Galloway / 杰弗里·比弗斯 / Alistair Findlay / 琳达·斯珀里尔 / 伊恩·泰勒 / 蒂莫西·卡尔顿</演员>
<简介>艾丽耐·卡丽索因为被控毒杀了她的姨母和她的情敌而被送上了法庭。尽管的有的证据都表明她是有罪的，但旁听的波罗始终觉得有个地方不对。但究竟哪里不对，波罗却也说不清楚 。
                                    
                                　　无论如何，可以相信的是，只要波罗开始怀疑，就一定有问题…</简介>
<reviews>
<review>
<作者>yisa</作者>
<作者评分>4</作者评分>
<时间>2011-04-22 11:55:36</时间>
<影评>
        电影为了能将情节、人物统一起来对小说做了很多删改，以至于很多人物形象和情节在电影中显得走样而不合情理。

电影里面Mary的人品实在不敢恭维，不怎么讨喜。她在照顾女主人期间，却和女主人的侄女Elinor的未婚夫Rod卿卿我我，Elinor一边承受着背叛的痛苦一边照顾病危的姑姑。

姑姑没来及写遗嘱就去世了，Elinor作为唯一继承人，公正的秉着姑姑的心意给了Mary一笔钱。Mary理所当然的接了钱，出去就和村民说Elinor见她时不是很高兴，完全都是Rod勾引她的云云，此时Elinor因为Mary和Rod解除婚约早已传得沸沸扬扬。换成别的女人早就痛骂她了，更别说给她财产了，Elinor见到她仍然客客气气已经非常克制了。至于勾引，牛不喝水强按头吗，责任全都是男人的，叹。

至于，电影中那次致命的午餐也让人觉得非常奇怪：elinor干嘛没事折磨自己请Mary来庄园吃午餐，Mary也好意思大咧咧的过去了。实际上，小说中将特殊背景交代的很清楚：H庄园已经卖出，原主人要赶紧收拾好自己的东西，E来收拾姑母的遗物碰巧Mary也要来收拾刚去世的父亲遗物，E就恪尽主人之谊就地做了顿便饭，大家吃过了好继续收拾。不然，E也实在不乐意单独去见Mary，平白破坏心情。

小说中的Mary就可爱多了，Rod在身有婚约的情况下追求她，被她一口回绝，她对女主人和Elinor的慷慨尤其是Elinor的公道深怀感激，对Elinor的遭遇颇有同情和歉疚。小说中村民和庄园的管家、仆人都对elinor非常推崇、赞赏，而不像电影中，只有几个猥琐护士代表民众舆论天天卑劣地等着看Elinor的笑话。

而电影中，Elinor在绝望下坐等死刑，而小说中Elinor坚强勇敢，面对法庭上一片怀疑和重压，始终坚强勇敢，辩白自己的无罪。电影中实在有点把善良、刚烈、干练的伦敦名媛贬低成了脆弱哀愁的小女人
      </影评>
<有用数>54</有用数>
<没用数>2</没用数>
</review>
<review>
<作者>ppg</作者>
<作者评分>5</作者评分>
<时间>2006-10-04 06:46:30</时间>
<影评>
        如果推理小说的诡计已经被挖掘殆尽，有没有可能通过故事本身的力量吸引并打动读者。

这种作品是有的。

鲁迅给悲剧的定义是把美好的东西撕碎给人看。

你去看《H庄园的一次午餐》，去看埃丽诺曾以为的，她的故事会有一个happy ending。

在经过开头的倒叙，法庭描写之后，你想象她穿着囚服的样子，你去想那个时候她想到罗迪，想到一切都还没发生的时候。连我都为她辛酸。

你再去看《凶镇》，你去看吉姆回到莱特镇的时候，诺拉下楼来见到他，她脸上的幸福，他们去度蜜月，美好的婚礼，平静的生活。

前一阵子重读这本书，看到这里我会抑制不住的难过。

 

曾经有过的，多少种幸福的可能，偏偏错过。

人是世间最不可捉摸的东西，推理小说在让逻辑说话，让事实有唯一指向的时候，应该给人的不确定性留一个窗口。

我们可以清楚地解释人的内心么？

我们总是悲喜交集，犹豫不决，一错再错。

我们称之为宿命，仿佛冥冥中不可控的力量。实际上是我们不可控的内心。

 

写失去和错过，写一幢谋杀毁掉的一群人的生活，写事件后的成长，把他写成悲剧。

我相信这是推理小说的一种可能性，我一定会很喜欢。

 

***************传说中的分割线**********************

 

影片有一个部分改得非常好。

埃丽诺在狱中对波洛说，小的时候和罗迪争吵，罗迪喜欢白玫瑰，她喜欢红玫瑰。她后来想起这件事，忽然明白，她没有谋杀玛丽的理由。罗迪自始至终喜欢的是白玫瑰，而她只是红玫瑰。

这个理解特别好，是原著里没有的。

就凭这一点，埃丽诺根本就是无罪的。别的统统不需要。
      </影评>
<有用数>29</有用数>
<没用数>4</没用数>
</review>
<review>
<作者>一唱裙钗</作者>
<作者评分>5</作者评分>
<时间>2020-11-07 15:29:23</时间>
<影评>

（首先声明：以下观点仅为个人看法。）
相比原著来说，《H庄园》的影版还是改动了不少的，最直接的就是玛丽的人物形象。书里的玛丽拒绝了罗迪的追求，同情埃莉诺的遭遇，是个拎得清的好姑娘，而在影版里这个人物直接变成了一个绿茶。不过这个改动无伤大雅，又或者这样安排其实更加合理，加深了埃莉诺对玛丽可能产生的恨意，也就扩大了戏剧冲突。同时，埃莉诺的形象也有调整，书里的埃莉诺即便被指控后也是勇敢坚强的，从头至尾没有放弃过抗争，但影版的埃莉诺则因为爱情和谋杀案的双重打击而心灰意冷，甚至一心求死，放弃了为自己辩白。
不过，这一点软弱抹杀不了她的闪光之处，实际上，影版里的埃莉诺，是一个非常立得住的人物。
她深深地爱着罗迪，并在罗迪温柔体贴的假象中相信他也深爱着她，她甚至已经谋划好了他们两个人的幸福未来，因而，发现罗迪与玛丽的关系之后，在整个村庄都在沸沸扬扬地议论着这件事、看着她的笑话之后，她的痛苦与绝望是可想而知的。
但是，从始至终，她都没有做任何被愤怒冲昏头脑的事，相反，她对他们两人所做出的每一个行为，都充斥着她最大的善意。
罗迪辜负了她，她哭着交还了手上戴着的婚戒，却也没有歇斯底里，而是一边流着泪一边冷静地给他建议，建议他去法国待两周冷静一下头脑，如果两周之后他依旧发现自己爱着玛丽（也就是说并非一时的激情），那就去追求她。
她恨玛丽，但知道自己的姑妈生前很喜欢她，因此即便恨，还是揣测着姑妈的遗愿，慷慨地赠予了玛丽八千英镑；准备午餐的时候，她的恨意已经达到了希望玛丽去死的程度，但她还是特地专门给玛丽买了鲑鱼酱来做三明治，因为她在酒会上发现玛丽喜欢吃鲑鱼；用餐过程中，护士离开煮茶，只剩她们两个人尴尬相对的时候，她欲言又止半天，却依旧一个字的重话都没有说出来，而是仅仅对着玛丽隐晦地感叹，说她们再也回不到小时候了。
她一开始是有一些当局者迷，认为罗迪与玛丽相爱，错误全在于玛丽的勾引，但她没有在这种错误想法中沉浸太久，很快，通过回忆小时候她跟罗迪关于玫瑰的争吵，她就明白过来，问题的根源其实在于她跟罗迪的思想与观念是完全不一致的，她也因此而意识到，即便没有玛丽，他们也根本不合适。
从始至终，她的姿态都是好看的。
这正是我所认为的埃莉诺这个人物的可敬之处。她或许不是最漂亮的，但是，她的确是最美好的。

</影评>
<有用数>21</有用数>
<没用数>0</没用数>
</review>
<review>
<作者>渚咸鱼</作者>
<作者评分>3</作者评分>
<时间>2019-10-02 18:34:15</时间>
<影评>

寄信是为了制造杀机，而后在知道未立遗嘱的情况下杀了老主人。再后来杀了Mary嫁祸Elinor。
可是Elinor分钱给Mary是不可预测的。还是说如果Elinor没有分钱给Mary凶手就不会进行第二次行凶？
不过既然已经有所计划，为什么不选择一个把握更大的计划？比如在老女人立完遗嘱之后再杀Mary？
也许凶手只是确信老主人到死都不会立遗嘱，所以想赌一把。虽说知道Mary三了Elinor，但还是堵Elinor会大方给钱？？
其实从操作性上除了Elinor，最大可能的就是在场的凶手。而且倒茶其实比三明治来得好操作。也无需催吐剂，努力控制一下哪一个茶杯给哪一个完全是可以做到的。毕竟杯子不可能完全一样。
既然没有查到毒的来源，那么杯子肯定洗过了。凶手完全可以在杯子上做标记再事后洗掉。
催吐剂显得有些鸡肋。
三杯都有毒，Elinor没有喝茶完全就是意外因素吧。所以凶手应该预期过两个人都死了的情况。这种情况的解释是Elinor杀了Mary并且自杀？不过这肯定会招致自身的怀疑吧。
所以还不如设计杯子，只让Mary喝到有毒的。
催吐剂是诡计的一个关键部分。但有种刻意为之的感觉。
除了这个真凶之外还有其他的可能就是另外一个人潜入做了手脚。不过根据poirot的分析，对完全identical的三明治做手脚并不可行。不过对Elinor遗嘱受益的男人来说，对其中一个三明治下手的话至少也有三分之二的成功几率。
当盘子放好了，也就是三明治的位置固定了之后，唯一不确定的就是人的座位。但也许可以推测出来？比如两个外来的人坐在同一个沙发上，年轻的女孩会更靠着女主人？总之不一定要尝三明治，其实只要推测每个人的位置。因为Elinor把salmon味的对着Mary的座位放了。
不过可能有的潜入人员并没有太多被揭露的动机。老实说那个真凶的动机也有些硬编的感觉。
所以这种不是特别出彩的推理里最出彩的是出其不意的动机。虽说有时候这些动机不那么经得起推敲。



</影评>
<有用数>1</有用数>
<没用数>1</没用数>
</review>
<review>
<作者>核桃夹子</作者>
<作者评分>3</作者评分>
<时间>2016-11-17 09:39:31</时间>
<影评>
        波罗还是那么可爱。最开始收到的那封匿名信对与凶手来说多此一举，无论如何Elinor和她未婚夫也会回到庄园看望她姑妈，不管怎么说Elinor的未婚夫也会被Mary迷倒并和她分手。为什么要写这么一封引人警觉的匿名信，结果引来了我们的波罗呢？这样的安排纯属剧情需要，对于观众和凶手来说都是不必要的，因此缺真实感。有看过原著的波罗迷吗？
      </影评>
<有用数>0</有用数>
<没用数>4</没用数>
</review>
<review>
<作者>小熊饼干蹦蹦跳</作者>
<作者评分>3</作者评分>
<时间>2011-07-15 01:56:05</时间>
<影评>
        　　

原著书名【Sad Cypress】柏棺，丝柏的哀歌，孤女含冤，哀悼的紫柏树



出处——莎士比亚《第十二夜》第二幕第四场 

　

Come away, come away, death, 

And in sad cypress let me be laid;

 Fly away, fly away, breath; 　　

I am slain by a fair cruel maid. 

My shroud of white, struck all with yew, 

O prepare it; 　

My part of death no one so true 　

Did share it.


过来吧，过来吧，死神！

让我横陈在凄凉的柏棺的中央；

飞去吧，飞去吧，浮生！

我被害于一个狠心的美貌姑娘。 

为我罩上白色的殓衾铺满紫衫；

没有一个真心的人为我而悲哀。



P.S.个人对这个版本有些失望……Mary还是挺美的，可完全不符合书中玫瑰花般含苞待放的想象……就是个单纯美好的傻姑娘就好了啊……╮(╯_╰)╭ 



</影评>
<有用数>12</有用数>
<没用数>0</没用数>
</review>
<review>
<作者>游侠一笑</作者>
<作者评分>3</作者评分>
<时间>2019-10-09 21:14:01</时间>
<影评>

案子最后的真相不是太出人意外。我记得有一部波洛的片子，男主面临几天后即要被绞刑，然后拯救之，那个紧迫感做得很不错。
大侦探波洛。这个波洛魅力差了点。个人觉得加里·奥德曼最适合演波洛。 
第一次知道阿加莎是在金庸的一本传记里，他是很喜欢阿加莎、大仲马等人的，所以小说里也有参考过他们的作品，尤其《连城诀》就模仿了《基督山伯爵》。
越来越喜欢阿加莎，喜欢波洛，得多看。


</影评>
<有用数>0</有用数>
<没用数>0</没用数>
</review>
</reviews>
</movie>
