<?xml version="1.0" encoding="UTF-8"?>
<movie>
<电影名>空中监狱 Con Air</电影名>
<年份>1997</年份>
<评分>8.2</评分>
<封面>https://img2.doubanio.com/view/photo/s_ratio_poster/public/p946632521.jpg</封面>
<导演>西蒙·韦斯特</导演>
<演员>尼古拉斯·凯奇 / 约翰·库萨克 / 约翰·马尔科维奇 / 文·瑞姆斯 / 科尔姆·米尼 / 麦凯尔泰·威廉逊 / 尼克·齐兰德 / 戴夫·查佩尔 / 雷切尔·蒂科汀 / 史蒂夫·布西密 / 丹尼·特雷霍 / 迈克·康纳·盖尼 / 兰德里·阿尔伯特 / 莫妮卡·波特 / 杰西·博雷格 / 何塞·祖尼加 / 耐德·巴拉米 / 约翰·罗斯留斯 / 弗瑞德里克·林恩 / 安吉拉·范泽斯通 / 道格·休切逊 / 大卫·莱姆希 / 埃米里奥·瑞弗拉 / 格雷格·科林斯 / 唐·戴维斯 / 雷诺里·圣地亚哥 / Steve Eastin / 布伦丹·凯利 / Carl Ciarfalio / Marty McSorley / Bob Stephenson / Scott Ditty / Conrad Goode / 马里奥罗伯茨 / Ty Granderson Jones / Earl Billings / Billy Devlin / 马克·金特尔 / 小托马斯·罗萨莱斯 / 埃迪·佩雷斯</演员>
<简介>空中监狱是美国运送全美最危险的罪犯而专设的飞机。卡麦伦（尼古拉斯•凯奇 Nicolas Cage  饰）坐上这趟飞机，不是因为他罪恶滔天，而是他为了赶在女儿生日那天，亲手给女儿一份礼物而申请的一次飞行。他在狱中表现良好，典狱官答应了他这个请求。然而，却有一个难题——在这趟飞机上，还押送着一帮杀人狂魔。
                                    
                                　　警探非常留神随时可能出现的危险，但防不胜防的是，飞行过程中那帮暴徒还是挟持了飞机上全部的警察，卡麦伦也被迫帮他们完成逃脱任务。
                                    
                                　　地面的联邦部队决定把飞机打下，把狂徒一网打尽，身陷险境的卡麦伦该逃出这个空中监狱？</简介>
<reviews>
<review>
<作者>Justin</作者>
<作者评分>3</作者评分>
<时间>2009-09-20 00:01:02</时间>
<影评>
        随便编了个理由，cage便进了监狱。一晃八年过去，cage即将坐飞机假释回家，事情就发生在这飞机上。

这里没有太多需要脑袋思考的东西，好人很好，坏人很坏。英雄很神勇，坏蛋也很厉害，但始终干不过英雄。

最有意思的角色是那个杀了30个人的长相怪异的苍白男，我认为，他是这部片子里演的最好的一位。他的角色也是最吸引人的。

最后一幕，苍白男在赌场快乐地赢钱，似乎在告诉人们，人生和运气是有很大关系的。
      </影评>
<有用数>156</有用数>
<没用数>30</没用数>
</review>
<review>
<作者>麦</作者>
<作者评分>4</作者评分>
<时间>2006-03-26 12:11:12</时间>
<影评>
        电影越来越不好看了.我是说这个年头的电影.难看的就不多说了,难得好看的几部,看完也会让人心生遗憾,总有些镜头、手法、意境，让人看地眼热，珠玉在前，再突破也太难，不突破也不好打个平手，只是在前人的光芒下兀自硬挺而已。


于是，看了将近十年前的大片<Con Air>。大片，很大的大片。爽！


这几年中国影人也开始拍大片，砸大票银子，再赚大票银子。中国人的大片和美国人的大片有点不一样——很难做到物超所值。


我相信，虽然是1997年的片，制片也砸了不少银子进去。当然，相当大的一笔应该是给尼古拉斯.凯奇当薪水了。恕我眼拙，认了半天，也就觉得这个主儿是个大牌儿。真正的大卡司，其实不必多，一部片里一个也就够了。比如一盘菜里，没必要鱼翅、熊掌、龙虾、象拔都扔进去，若都扔进去，可能食客会口吐鲜血。


所以<Con Air>的制片确实选角儿选对了。至于演员本人，任何的吹捧都是多余，牛人是不再需要累赘的吹捧的。三个字——演地好！


当然，这部片绝对不是他一个人硬顶就是绝色。从一个方面，这是一部宣传美国人的主旋律的片子。男主角算一票，诸多优点，让人眼花缭乱；还有一个人，就是探员Larkin。美国人心里的优秀警察，还是这种学识渊博、机智敏锐、勇敢果断外加身材苗条、面色粉白的年轻才俊。虽然开始看着Larkin有点油头粉面外加小聪明的劲儿，后来看着就靠谱多了。而反面教材，那个满嘴脏话、NB烘烘的稽毒警察的老大，怎么看都是需要调教一下的。


从另一个方面，就是此片的又一大卖点了。监狱当然没意思，可是关在监狱里的人却是有好看头。个个都是大凶大恶，个性鲜明。其实，那群囚犯，堪称多才多艺。思维缜密、运筹帷幄，无论是心理素质、战术战略、技能技术、应变反应，都远高于警察。不是给他们贴金。举个最小的例子，大多数老百姓连自行车都修不清楚，可是人家随便抓一个就可以开飞机，开得不错不说，还把零件拆下来涮了稽毒警察一把。不PF都不行。


还有就是里面的语言时不时蹦出幽默，丹泽尔.华盛顿和欧普拉都被拉出来小小开涮，让人忍俊不禁。而很多小细节小段子，也绝对是动了心思。比较喜欢飞机迫降后，老虎机的“777”。之后的摩托追捕，本来还有两个骑警主动搭把手的，可是掉落地面的半块cookie，说明这二位也不过是“废物点心”而已，结果证明确实如此。还有那个“加洲屠夫”，衣冠楚楚，在赌场如鱼得水，也许他有这样那样的后来可能，可是，管他呢，电影就此结束，最好。


大片若是让人只看出个大片片名，就没看下回的可能。看得让人舒服、痛快、欲罢不能，OK，这才看出点意思。
      </影评>
<有用数>158</有用数>
<没用数>30</没用数>
</review>
<review>
<作者>Kai.熊出没</作者>
<作者评分>4</作者评分>
<时间>2007-11-23 00:25:32</时间>
<影评>
        如果这年头看了太多文艺片,大片,或者晦涩难懂片,开始对电影产生某种抵触情绪的话,那么<con air>毫无疑问是个解药.


影片是轻松愉快的大团员结局(这一点对我决定看不看某部电影开始产生影响).影帝露出的肌肉感觉像上帝,当他冷静坚定地说:i'll prove to you the god is do exist.然后音乐响起,开始暴走,其余的人自然很敬业地摆出各种pose被影帝打得鸡飞狗跳落花流水...

内心的英雄情节和对友情的坚贞着实很被激发.


他很善良.

假释出来带着给女儿的第一次见面礼,差点被排水沟的污水冲走,于是在给凯西的时候,他担心女儿会嫌它不好看,嫌它脏,很局促不安,忍着哭腔把娃娃在自己的衣服上擦了又擦,看到这里差点哭了,我很怕小女孩会不接受他,如果说还有什么能击溃他话,只能是被亲人遗弃.


影帝真的不是盖的,影片各环节都处理得非常恰倒好处,虽然没有很深刻的寓意,很晦涩的情节,但作为一个正常人，是不会对它产生反感的,甚至感觉不到商业气息.okay,我很喜欢.
      </影评>
<有用数>66</有用数>
<没用数>6</没用数>
</review>
<review>
<作者>请保持高冷</作者>
<作者评分>5</作者评分>
<时间>2017-06-15 22:44:04</时间>
<影评>

凯奇的大男主动作片，但每一个角色都个性鲜明，导演功力真不错，小配角演技杠杠的。
凯奇叔就不用说了，永远一副生无可恋的表情，空洞虚无又深情的眼神，肌肉线条好棒，也不知道花了多长时间健身。还有在仓库里碰到那个警察，举着枪对峙时的大长腿，口水哗哗的。
那个令人闻风丧胆的杀人狂魔，转运的时候被全副武装囚禁起来的人，都以为他长了一副凶神恶煞的脸，出人意料的只是一个苍白的普通男子，还跟小女孩玩了好久的过家家，这一段真是让人提心吊胆，生怕突然展现血腥的屠杀现场，胃口掉的足足的。
还有那个需要打胰岛素的给人，那个娇小可人的娘炮，那个美艳的空乘小姐，还有那个男二警察，每个人都有亮点。最后大团圆结局的歌也不错，How can I live without you全球都火了一阵。
可惜凯奇叔flop了。


</影评>
<有用数>68</有用数>
<没用数>4</没用数>
</review>
<review>
<作者>4*4+M44</作者>
<作者评分>5</作者评分>
<时间>2006-05-20 18:17:30</时间>
<影评>
        大一的时候认识他的吧，只是那时候并没有被他吸引，就是让我知道了又这么一个人而已。而那部电影老早也忘记了名字。

大二的5.1和好朋友在寝室里看完了Con Air 在最后他将小白兔送给女儿时为弄脏了它而感到羞愧局促，刚刚还在责任大于山还在英雄豪迈，转眼就温柔到极点。

从此，我就喜欢上了这个男人。

这个身出名门的男人身上有一种怎样迷人的气质呢。

在不同的电影里他总能给我惊喜。
      </影评>
<有用数>41</有用数>
<没用数>3</没用数>
</review>
<review>
<作者>ashi</作者>
<作者评分>5</作者评分>
<时间>2008-05-12 16:09:28</时间>
<影评>
        一个就是约翰马尔科维奇演的反一号，觉得睿智之极。

还有就是斯蒂夫巴斯米演的的那个“国宝”，很开心的是他没有把那个小女孩杀掉，应该后来开始新的生活的了。。。这样的安排很棒。
      </影评>
<有用数>34</有用数>
<没用数>2</没用数>
</review>
<review>
<作者>米菲</作者>
<作者评分>5</作者评分>
<时间>2017-05-25 10:55:36</时间>
<影评>
        《空中监狱》是由美国博伟影视公司发行的动作片，由西蒙·韦斯特执导，尼古拉斯·凯奇、约翰·库萨克等联袂出演。影片于1997年6月6日在美国上映



美国为了运送全美最危险的罪犯而专设的飞机 。卡麦隆·波恩（尼古拉斯·凯奇饰）坐上这趟飞机，是他为了赶在女儿生日那天，亲手给女儿一份礼物而申请的一次飞行。在这趟飞机上，还押送着一帮杀人狂魔。



动作场面拍得够刺激，爆炸场面相当精彩。



尼古拉斯凯奇是我喜欢的第一位外国明星，虽然他也拍了不少烂片，但不乏经典之作，可以说是一个很有争议但是又很有魅力的演员。



这部电影可以算是尼古拉斯.凯奇巅峰时代的动作片代表作。

片中塑造了一群个性鲜明的罪犯，让人印象深刻。
      </影评>
<有用数>17</有用数>
<没用数>3</没用数>
</review>
<review>
<作者>绝版青春</作者>
<作者评分>5</作者评分>
<时间>2012-01-12 18:30:49</时间>
<影评>
                也许是对飞行与空战有着别样的情愫，才使我看完《绝密飞行》，《空军一号》又再次重温这部老片。抛开情节，阵容配置，就单单是影片中刻画的角色就足以让人记忆深刻。能说的别人都说过了，今天唯独谈谈影片中一个矛盾而又让人深思的角色-----斯蒂夫巴斯米演的国宝-贾兰格林。很多人没发现，其实导演是想借助这样一个角色表达他个人的一些观点。影片中的主题，除了爱情，正义，友谊等等老掉牙的话题之外，还含沙射影的折射出一系列的社会问题。罪犯沦落如此，真的是他们本性如此么？完全是他们咎由自取么？其实不然，一些人其实是被这个社会扭曲了，还记得斯蒂夫巴斯米饰演的国宝-贾兰格林有过这样一句经典的话“平常人辛苦工作50年之后，突然被迫退休，然后被送进养老院，希望在病痛缠身之前...有尊严地死去，那不算疯狂么？” 轻描淡写的话语，确实如此置地有声...到底是他疯了，还是这个社会疯了呢?社会在发展进步的同时，是不是也不自觉的埋没了人性与个人存在的价值与意义呢？ 故事给了这样一个所谓“变态”、各种矛盾于一身但又极度淡定从容的人一个颇具喜剧性的归宿，是娱乐大众的巧合还是刻意而设置的必然呢，可能只有导演西蒙.韦斯特自己知道了....
      </影评>
<有用数>31</有用数>
<没用数>1</没用数>
</review>
<review>
<作者>sosovipp</作者>
<作者评分>5</作者评分>
<时间>2013-06-29 22:21:45</时间>
<影评>
        突击队宗旨：完成任务，即使面临生死关头，也绝不放弃同袍。


“只要你认罪就能减刑。”

“我不会认罪的。”


虽然我身在世上最可怕的地方，但我却觉得我是世上最幸福的男人。


美国法警每年运送约十五万五千名囚犯，移监、参加听证或接受医疗。


“嘿，淑女。”

“迪斯尼卡通里的狗才叫淑女。”


这班机众恶云集。


别瞪着人看，在狱里那代表挑衅。


他叫赛洛葛森，绰号“致命病毒”。三十九岁，坐了二十五年牢。

他很上进，获得两个学位，包括法学士。杀死十一名牢友，引起三次暴动，还逃狱两次。自称比癌症还致命。

他是个标准精神罪犯，社会体制下的产物。


“联邦法警局都用这种讨人厌的书呆子吗？”

“他是最顶尖的探员。”


我人很好，只是不幸被捕。


谁敢放个臭屁被我闻到，我就让他吃不了兜着走。


我最恨强暴犯，他们比蟑螂和白色的唾液还要恶心。


“卡森市？那儿有条子，你疯啦？”

“根据我上一次精神测验，我是疯了。”


你真的觉得我是没用的小黑鬼？


罪犯是不值得信任的。


我们从未想到会发生这种情况。


在达到目的之前，我可以当个黑奴，然后黑人就会当家了。


飞机上聚集着世上最残暴的恶棍，结果还让他们把飞机劫走，而我们却不幸置身其中。


观察罪犯可洞悉文明的现状。


我有权不择手段逮到杀人凶手，我是说“不择手段”！


你无权决定无辜者的生死！


每次洗车打蜡，就会有鸟屎掉下来。


“他有问题吗？”

“我第一个念头是……问题很大。”


许多假释犯很怕被释放出狱，被关在牢里太久就很怕回家，怕重返社会。


如果上面有三十个囚犯，我就是猫王。


杀人犯大多不是出于欲望，真正的连续杀人犯杀人都是出于快感。


上次叫我有耐心的人被我做了。


有时该打仗、做爱或逃命，我建议你快逃命。


我只相信两个人，一个是我，另一个则不是你。


你不是坏人，你只是运气太差。


“还有十分钟。”

“十分钟前你也这么说。”


“你们听好，我会解释清楚。这是废车厂，这是停机场，这是我们的飞机。”

“那是什么？”

“那是块石头。”


挺讽刺的，唱这首歌的乐团死于坠机意外。


我只恨老天没眼。
      </影评>
<有用数>24</有用数>
<没用数>3</没用数>
</review>
<review>
<作者>随波逐流</作者>
<作者评分>5</作者评分>
<时间>2013-01-18 15:23:59</时间>
<影评>
        最终被感动的泪如雨下，是尼古拉斯凯奇的一句"a little dirty"。与其配合的将小兔子在自己身上擦，还有那紧张又期待，愧疚又激动的复杂眼神。


从最初在监狱，小心翼翼的放在袋子里的little bunny；到飞机上的"找茬儿男"将小bunny扔到地上，彻底激怒了他；再到，从一片狼藉污水横流的地上将它捡起；最后终于以为可以亲手送给女儿生日礼物了，才发现，从未见过面的女儿竟害怕的躲到了母亲的身后。他慌了，他害怕，他伤心。当年为了保护他的妻子不受侮辱，为了他们两个的尊严，进了监狱；在监狱辛苦坚持了这么多年，无非是期待早日团聚。于是，赶快把小bunny在自己身上擦了又擦，希望女儿可以接受这个礼物，更希望的是，她可以接受自己。最终他还是忍着痛说“it's OK”，因为父亲对女儿的发自本能的爱，还有对她们母女多年的愧疚。。。


其实他所有的坚持，都仅仅是为了按时回家而已。他要做家里的顶梁柱，是一种发自男人本性的责任感。所以才会有了那句"I meant to get a haircut". 因为他不想让家人看到他狼狈的样子，他想让妻儿知道，他们从此有了依靠。


“I got a present for ya, Casey.” 他在示好，甚至是正在讨好自己的女儿。Little bunny 这条情感暗线贯穿全剧，他绝不允许任何人玷污这只兔子，因为这是要送给女儿的生日礼物。在他的心里，女儿是那么圣洁，那么，他的礼物也必须至少是干净的。所以，Virus注定会死，而且会死在Cameron的手里，因为他说了句最不该说的"the last thing that little Casey Poe ever gets to smell will be my stinking breath"。。。


这个世上，有三件事他最不能忍，对女性的侮辱，对弱者的欺凌，对家人的伤害。但最终触动我的，是他对女儿的爱。是那句惶恐的a little dirty.


最后，因为对有内涵的美女毫无抵抗力。喜欢带着little Casey 的Monica Potter，自己当了单亲妈妈这么多年，坚强，大气，还有对自己丈夫的信任，以及对爱情的坚守在影片最后展露无遗。她也因此变得更光彩夺目。
      </影评>
<有用数>21</有用数>
<没用数>3</没用数>
</review>
</reviews>
</movie>
