<?xml version="1.0" encoding="UTF-8"?>
<movie>
<电影名>剑鱼行动 Swordfish</电影名>
<年份>2001</年份>
<评分>7.5</评分>
<封面>https://img2.doubanio.com/view/photo/s_ratio_poster/public/p847809863.jpg</封面>
<导演>多米尼克·塞纳</导演>
<演员>约翰·特拉沃尔塔 / 休·杰克曼 / 哈莉·贝瑞 / 唐·钱德尔 / 山姆·夏普德 / 维尼·琼斯 / 德瑞·德·玛泰 / 鲁道夫·马丁 / 扎克·格雷尼尔 / 卡姆林·格里梅斯 / Angelo Pagan / Chic Daniel / 克里克·B·R·沃勒尔 / 卡门·阿尔根齐亚诺 / 蒂姆·迪凯 / Laura Lane / Craig Braun / 威廉·麦鲍瑟 / 伊利亚·沃里克 / 乔纳森·弗垃泽 / Shawn Woods / 达娜·喜 / 丹尼·皮尔斯 / Joey Box / Debbie Evans / Tim Storms / 马克·索珀 / 纳塔丽·索科洛娃 / Anika Poitier / 尼克·罗兰 / 蒂莫西·奥门德森 / Astrid Veillon / Dean Rader-Duval  / Shane Brock / Russ Cootey / 泰特·多诺万 / 塞拉·法伯 / 咪咪·弗莱彻 / Cory Parella / 盖瑞·罗德里格斯 / Travis Rosario / George Marshall Ruge / 唐·耶索</演员>
<简介>间谍加布利尔（约翰•特拉沃塔 John Travolta）在多年特工生涯中，获知政府多年非法收敛了一笔公款。而加布利尔若想实现自己心中的梦想，钱是最关键的因素。正因如此，机智狡猾的加布利尔决定向这笔赃款下手。
                                    
                                　　要想计划能顺利进行，加布利尔需要一名顶尖的电脑黑客。斯坦利（休•杰克曼 Hugh Jackman）正是地球上最顶级的黑客之一，多年前他就把FBI引以为豪的安全系统搞得天翻地覆，亦因此的引来牢狱之灾，妻子带着女儿远走他乡。出狱后一直被禁止使用电脑和其他电子产品。
                                    
                                　　加布利尔派他的女搭档金吉尔（哈莉•贝瑞 Halle Berry）游说斯坦利出山，承诺成功后帮斯坦利取回女儿的抚养权并安排其远走高飞享受新生活。经不住诱惑，斯坦利再度出山。然而，事情并没有像预想中顺利……</简介>
<reviews>
<review>
<作者>屋里厢</作者>
<作者评分>4</作者评分>
<时间>2008-05-27 16:17:20</时间>
<影评>
          记得Travolta的一句台词，"如果消灭所有疾病的代价是杀死一个善良的小女孩，你会做吗？或者是杀死十个，一千个呢？"，这是个蛮不错的命题，是否改为了全体人民的安危而伤害少部分无辜的人，那少部分又是多少？对付恐怖分子又用什么方式？以暴还暴？电影其实并没有就此深入探讨··就情节和画面而言，完全够得上imdb的7，0以上吧··


但是，上映时间后，发生了一件足以影响美国人人生观的事件——9，11。里面的Travolta的心态完全变成了当时的主流，而以暴还暴与先发制人也完全成了当时政府的战略··


于是，该片变成了映射政府的政治片，变成了嘲笑民众报复心态的后现代片·一代伟大的商业片就此憋屈···




</影评>
<有用数>101</有用数>
<没用数>24</没用数>
</review>
<review>
<作者>束</作者>
<作者评分>4</作者评分>
<时间>2006-01-26 04:28:16</时间>
<影评>
        You know the problem with Hollywood?

They make shit. Unbelievable,

unremarkable shit.

I'm not some wannabe filmmaker...

...searching for existentialism through

a haze of bong smoke.

No, it's easy to pick apart bad acting,

shortsighted directing...

...and a moronic stringing together

of words the studios term as prose.

No, I'm talking about

the lack of realism. Realism.

Not a pervasive element

in modern American cinematic vision.

Take Dog Day Afternoon, for example.

Arguably Pacino's best work.

Short of Scarface and

Godfather Part I, of course.

Masterpiece of directing,

easily Lumet's best.

The cinematography, the acting,

the screenplay, all topnotch. But...

...they didn't push the envelope.

What if, in Dog Day Sonny wanted to

get away with it? Really wanted that.

Now this is the tricky part. What if

he started killing hostages right away?

No mercy, no quarter.

"Meet our demands or the pretty blond

gets it in the head." Bam, splat.

What, still no bus? Come on.

How many innocent victims would it take

for the city...

...to reverse its policy

on hostages?

And this is 1976. There's no CNN.

There's no CNBC. There's no Internet.

Fast-forward to today.

Present time, same situation.

How quickly would the media

make a frenzy? In hours.

It would be the biggest story from

Boston to Budapest.

Ten hostages die.

Twenty, thirty.

Relentless. Bam, bim.

One after another.

All on hi-def, computer-enhanced.

You can almost taste the brain matter.

All for what? A bus, a plane?

A couple million dollars

that's federally insured?

I don't think so, but...

...just a thought.

I mean, it's not...

...within the realm of

conventional cinema, but...

...what if?

- There's a problem with that movie.

- Really?

- It wouldn't work.

- How come?

- Audiences love happy endings.

- Pacino escapes with the money.

Boyfriend gets a sex change.

Live happily ever after.

- No?

- No.

Homophobia.

Bad guy can't win.

It's a morality tale.

One way or the other,

he's gotta go down.

Well, life is stranger

than fiction sometimes.

You know, guys, I gotta go.

Gotta jet.

Thanks for the coffee.
      </影评>
<有用数>90</有用数>
<没用数>26</没用数>
</review>
<review>
<作者>天花乱坠</作者>
<作者评分>4</作者评分>
<时间>2009-02-22 15:32:10</时间>
<影评>
        这片子很赞。


约翰·特拉沃塔那角色有理想（虽然可议） 有行动力 而且深具智慧 是一个可怕的对手 不过他也很有信用 可以做好伙伴


试看他逼迫那黑客转账那一段

黑客有正义感 觉得这事不可做 于是首领把金姬带来吊起逼他做

黑客无法 只得从命 成功以后 首领以“她是缉毒人员” 为由将其“击毙”


为什么杀她？

我说 这是骆驼背上最后一根草 此前的杀戮都与黑客无甚关系

只使黑客对首领的残暴有具体的认识而已

杀金姬不一样 他认为他和金姬是同路人 是正义的 而且 不排除他对金姬有好感

又 金姬是在他完成任务以后被杀的——首领背信


简单的说 是为了让黑客“入戏” 使他最后自觉与他们合演最后一幕


有了这一枪 目睹金姬被杀的黑客 其正义感、愤怒啊什么的才能达到最高点

才有他最后拿起火箭筒轰直升机——你想啊 在那车上留一箱武器为的是什么——的一幕


警察什么的都以为他们死了 他们才可以施施然的离开现场 


设想一下：

要是他们飞走 地面的追起来也不难 而且警察也可以出动直升机追

要是他们以大楼为据点——只是又一个相持不下的局面

如果，黑客先生不轰？那他们一定会上停放直升机的台子——那就完蛋了


所以 让所有人在当时（“当时”就够了）以为他们死了 

几乎可以说是逃脱的唯一方案

（与《局内人》逃脱的法子在方向上是一样的）


因此 这是一着狠棋 不成功（黑客的愤怒不够）恐怕真的要成仁


一个完美的计划。
      </影评>
<有用数>66</有用数>
<没用数>9</没用数>
</review>
<review>
<作者>阿布诺谟</作者>
<作者评分>5</作者评分>
<时间>2010-12-15 10:52:11</时间>
<影评>
        约翰特拉沃特演的坏人总是这么有风度，不紧不慢，魅力十足，他总喜欢讲一些道理，而这些道理却不是那么讨厌。。

片子的开头就是这样，从谈电影开始，原先以为是朋友的聚会聊天，没想得到竟然是犯罪现场，激烈的场面过后，通过回忆来叙述，这样高明的叙事方法值得我写小说的时候学习。
      </影评>
<有用数>29</有用数>
<没用数>3</没用数>
</review>
<review>
<作者>胡辣汤</作者>
<作者评分>4</作者评分>
<时间>2007-07-07 13:26:56</时间>
<影评>
        我看电影往往喜欢追思电影给我的启发和感受，我比较喜欢感性的第一感受来品论一部电影。

《剑鱼行动》是一部01的老片了，IMDB给出了6.2的及格分，作为一部好莱坞大片，当年战胜了美国主旋律大片《珍珠港》。总的来说是一部剧情、演员、画面都具上乘的商业大作。

剧情就不介绍了，虽然是01年的片子，但是反恐的主题放在现在都不老土，反而在911之前，有一种超前的启示意义。

片子主要讲一个美国愤青的故事：

他严惩腐败分子，清除国家蛀虫；（抢钱）

他热爱国家，主张敢犯强汉者虽远必诛;（炸恐怖分子）

总之，一个典型的美国愤青，如果屈伏塔在中国杀贪官，炸倭国，烧日货，肯定愤青追随无数。。。。

剧情里中，愤青GG问黑客GG

“如果能治好全所有病，但是你要杀死一名无辜的孩子，你会做吗？”

“我不会”不假思索

“我很失望”

其实我也很失望，但是如果黑客GG说“我会”，我想我会更失望。

为了大局，牺牲小我，客观的说是很对的。但是，问题就是自己去牺牲，还是让别人去牺牲。这个是有很大区别的，如果你为了一场战争的胜利，牺牲自己，最终获胜，毫无疑问，你是HERO，留青千古。但是，一名指挥官为了胜利，牺牲自己部下，就有争议了。其实，本部片子的主题就是反应这个问题。

“兵者，凶器也”，后来老子有加了一句“圣人不得已而为之”，强调兵者的不详。的确，生命是最宝贵的，无论自己还是别人。剑可以杀人，包括自己，无论你出于任何目的。

当然，我们不是圣人，许多事情最后不得已需要杀人来解决，我只是想说，当我们去杀人时，应该想一想我们为什么要用杀人来解决问题，怎么能够避免这种事情的发生，而不是去想怎么去杀更多的人，毕竟“兵者，凶器也”。
      </影评>
<有用数>43</有用数>
<没用数>18</没用数>
</review>
<review>
<作者>非本性</作者>
<作者评分>5</作者评分>
<时间>2009-02-22 01:31:19</时间>
<影评>
        无聊开始找评价高的电影。看介绍《变脸》（夺面双雄）不错，下来看看，同时也有《雨人》，《人工智能》，《空中监狱》当然还有娱乐片《机器人历险记》,最近的新片《换子疑云》，接下来还有《剑鱼行动》《逃离拉斯维加斯》《天使之城》...还将有更多~~~~


1G多的高清DVD画质,简直了。...我要收藏!哪怕80G硬盘仅剩不到10G!


　　《变脸》让我爱上约翰.特拉沃塔,但是,他的人气简直了!百度贴吧居然连一个屏的帖子都不到....而尼古拉斯凯奇....火暴的太厉害了!话说这个男的,脸这么长,在国外,应该算是丑男了吧?都说2人彪戏,我觉得尼先生崩溃的表情太多,太受伤,太窝囊,太尼先生自己,根本不像警官~~~~

　　转一段百度来的评论——“凯奇真的很好，满脸都是戏剧的褶皱，每一个表情都能拉动所有面部神经，但约翰扮演的亚瑟探员，却没什么太大的表情变化，只是眼神，从正义、愤怒变成邪恶、奸佞。儿子死时的悲恸再到变脸后见到女儿的淫笑，转变的如此神奇，但真正让我对他臣服的，却只是一个动作，吴氏经典动作，拿着双枪跳上车顶追杀特洛伊的一刹那，对只是那一个瞬间，让我五体投地。从那以后，看到他，真是觉得，男人帅到这个地步就太完美了。”　　


　　而现在，我要说，约翰.特拉沃塔，看到他就疯狂的迷上了他。


　　我深知这个人也不算帅。在我喜欢的人当中，强尼德普和VITAS才是算帅的。但是是什么原因让我看到他以后疯狂的找他的片来看呢?VITAS是唱歌的,我也只是找了几首能找到的来听.强尼德普更是没有,遇到了才看.蒂姆伯顿是导演,不算喜欢他个人.约翰.特拉沃塔是真正的人格魅力!


　　他的演技,他的小眼睛,他的眼神,他的大肚子~~~《周末夜狂热》中，２１岁的他是舞王，熟练的技巧，自信的扭动帅的啊！说真的，他的相貌在同龄人当作算很特别的了。天生的大佬相！年纪越大越明显。而在《低俗小说》中，舞王气质得到的延续和发挥。而当时我根本不知道这是在向《周末夜狂热》致敬。


　　《剑鱼行动》里。。。。帅啊！真正接受了，女人做个附属品有什么不好呢？这样的男人！人中之人，心狠手辣，拥有过人的智慧和气魄，双手握冲锋枪扫射，如果是我，心甘情愿做老大的女人！就算让我死也没有关系！荣誉啊！女人，拥有完美的容貌和身材就好了，让男人们去拼杀吧！他们的金钱交易，他们的恩怨仇杀，你只要做好她的女人就可以了。


　　而这为明星自己的家庭生活，拥有漂亮的老婆和一双儿女，（儿子在１６岁时夭折）每张照片里，他的笑容都是那么憨厚纯真，你必须得认同无恶不作的坏人是这个善良单纯的演员扮演而来。一个人一半是天使，一半是恶魔，还有什么比这更另人神往？


他没有阿诺.施瓦辛格那样强壮的身体；他没有梅尔.吉普森那样咄咄逼人的气势；他也没有西尔维斯.史泰隆那样敏捷的身手。但他是智勇双全的父亲（《夺面双雄》），他是利欲熏心的叛徒（《断箭》），他更是心狠手辣的富翁（《惩罚者》）。

他为人类揭露了罪恶的本质。如果你觉得他在影片中越可恶，那就说明他的演技越高超。


是的...他生于１９５４年，比我爸爸还大...我看到他是拉丁舞王，可以驾驶20多种飞机的，有2000多小时的飞行记录的王牌飞行员，所以，他的成名，和吴宇森没有太大关系。


约翰·特拉沃尔塔19岁就拥有飞行执照,飞行时长5000小时,目前拥有一架“湾流Ⅱ”飞机和一架波音７０７飞机，不久还将购置一架“日食”飞机。平日里他就驾着自家的飞机去上班,然后晚上开飞机回家.


以下是在GE上可以观测到的,他在美国的家,我们可以清晰的看到,人家的后花园,是一个私人飞机场.

完整内容大家可以看我的博客：
http://blog.sina.com.cn/s/blog_4a3b965e0100c2kd.html

</影评>
<有用数>35</有用数>
<没用数>13</没用数>
</review>
<review>
<作者>贾谊</作者>
<作者评分>5</作者评分>
<时间>2008-05-28 14:18:31</时间>
<影评>
        　　“如果消灭所有疾病的代价是杀死一个善良的小女孩，你会做吗。”世界上没有什么事情是绝对的，当然包括正义，伊拉克战争前夕，米国已做好了攻打伊拉克的全部准备，只需总统一声令下便可推倒萨达姆政权，但为什么米国非要找到伊大规模杀伤性武器呢，这就是正义的价值，米国必须在这场战争脑袋上扣上正义的帽子，毕竟一场非正义的战争是难以服众的。 

　　——题记 

　　这是一部拍摄于2001年的动作电影,当时最强手的电脑黑客元素被应用其中，讲述了一个黑客协助右翼组织盗取银行12亿存款的故事。 

　　这是一部标准的动作犯罪电影，除了中国功夫以外所有的爆炸、枪战、粗口、色情等元素一项不落，奥斯卡影后哈里贝瑞在片中脱掉了她的衣服，她躺在一太阳椅上，一本书盖住了她的胸部，当同时出演此片的男演员杰得曼与她说话说，她拿掉了这本书，这也被认为是好莱坞历史上最贵的一脱。 

　　John Travolta似乎特别适合演坏人，他有着一种淡定的个人魅力，活脱就是一个意大利黑手党，本片的开头，他用一个电影批评家的口吻狠狠地批评了好莱坞当下主流商业电影的剧本和导演，不知是对类型片的嘲弄还是对本片独特思想的标榜。 

　　警匪对峙是犯罪类行片中最常见的场景，而罪犯将捆绑着炸弹的无辜市民作为人质就更屡见不鲜，而在本片中，却出现了少见的撕票，人质连同swat被炸得粉身碎骨，画面定格爆炸那一刻，镜头环视被炸开的四周，让人眼前一亮。 

　　除了惊险的动作场面，影片还探讨了一个让人难以抉择的现实问题，影片中种族矛盾的解决方式也是对美国政府的讽刺。 

　　总体来讲，这是部画面5星情节3星的电影，买张dvd约几个朋友一起在家庭影院的环抱下欣赏爆炸、影后的裸体和 John Travolta的坏坏表演应该是不错的选择。 

　　更多电影评论详见-别让电影住我的眼-酸柠檬的blog 
      </影评>
<有用数>8</有用数>
<没用数>5</没用数>
</review>
<review>
<作者>[已注销]</作者>
<作者评分>5</作者评分>
<时间>2007-12-03 16:09:33</时间>
<影评>
        [Stanley is going to drive Gabriel's car during a shoot-out with the police] 

Stanley: I can't drive this thing! 

Gabriel: Learn! 


Swordfish (2001) - Memorable quotes

http://www.imdb.com/title/tt0244244/quotes

</影评>
<有用数>4</有用数>
<没用数>2</没用数>
</review>
<review>
<作者>布鲁斯力</作者>
<作者评分>5</作者评分>
<时间>2009-02-21 12:15:22</时间>
<影评>
        可以让我觉得震撼的片子不多，这就是其中一部。可能因为看这部片子的时候我很久没有看电影了或者很久没有看到过好的电影了。呵呵，很可能因为一直在看A片的关系。反正我记不清了。因为看这部片子的时候已经是好几年前了。给我第一个感觉就是震撼，当电影开始的那场爆炸发生时，我被震撼了，原来爆炸可以是这样的，可以这样拍摄。真的佩服现在科技进步，可以让一个爆炸的场面表现的如此震撼，如此身临其境。剧情也是跌宕起伏，这也是一部我无法预知下一个情节的电影。这部电影很现实或者说很真实，不光是因为它的拍摄画面，更因为它的剧情。它告诉我我们一个相对真实的世界。那就是这个世界什么都可能。废话一大堆，还是自己看吧，顺便说一句，这样的电影才值得买正版来收藏。
      </影评>
<有用数>3</有用数>
<没用数>1</没用数>
</review>
<review>
<作者>炳叔</作者>
<作者评分>4</作者评分>
<时间>2021-12-14 15:48:50</时间>
<影评>

一部电影的台词中反复强调：“不要被你看到的画面骗了，不要被你的眼睛骗了，不要被你相信的真相骗了。”
然后，
你会怎么想这部电影的结局呢？
正义真的得到伸张了吗？绑架人质抢了95亿美元的前政府特工真被炸死了吗？



《剑鱼行动》这部电影是2001年9月1日在中国大陆公映的。
公映的版本里，有英文原版，也有上海译制片厂的配音版本。
如果你相信程序的正义。
那么广电总局过审的片子，配了音的结局，不可能正义不得到伸张，恶人一定会被炸得血肉横飞。

But，
如果你常看法制节目，身边有离婚分财产抑郁了的哥们儿，也看过女权热搜的单亲妈妈跟渣男打官司抢孩子抚养权惨败的案例。
你一定更愿意相信另一个结局：
剑鱼行动成功了。
拿到95亿美元的前政府特工，没有背叛他自己的爱国信仰，再一次成功地实施了正义的报复，炸死了一名真正臭名昭的恐怖分子，实现了程序正义无法完成的任务。



站在“狼叔”扮演的黑客立场上，
一，那个魔鬼给了自己两笔钱，
10万美元的现金钞票，面试辛苦费；
1000万美元的瑞士银行存款，任务工资款。
二、那个魔鬼帮自己杀了2个人，
一个前妻；
一个前妻的色情大亨丈夫。
三、那个魔鬼造成了两个正义的结果，
没有人有合法的权利再跟他争夺女儿的监护抚养权了。
他有钱让自己的女儿跟自己过正常的、合法的中产阶级生活。
四、以黑客的智商，他瞬间就能想到，
他出卖魔鬼的结果是一种忘恩负义。
他出卖魔鬼之后将永远担心魔鬼的同伙报复他的女儿。
五、最关键的是，作为一名黑客，他知道的内幕会让他清醒
组织和人一样，一旦拥有一项超级技能，绝不可能放弃。
魔鬼曾经服务的组织，也永远不会因为死了一个参议员，就收敛所谓的“魔鬼的正义”。
So，
装傻，是他唯一的正确选择。

备注：
《剑鱼行动》 Swordfish (2001)


</影评>
<有用数>5</有用数>
<没用数>0</没用数>
</review>
</reviews>
</movie>
