<?xml version="1.0" encoding="UTF-8"?>
<movie>
<电影名>断箭 부러진 화살</电影名>
<年份>2011</年份>
<评分>7.8</评分>
<封面>https://img2.doubanio.com/view/photo/s_ratio_poster/public/p1381094562.jpg</封面>
<导演>郑智泳</导演>
<演员>安圣基 / 朴元尚 / 金智昊 / 金芝荷</演员>
<简介>金庆浩（安圣基 饰）本是一名大学的数学教授，却因为直言指出大学入学考试中一道出错的考题间接被学校停职。为此金庆浩多次申诉，希望能恢复自己的职位和名誉，却屡告失败。金庆浩由此心灰意冷离开韩国，在海外进行学术研究直至2006年他回国，再次向韩国高等法院提出诉讼，要求校方恢复他的职称但被判败诉。此时的金庆浩到了极度愤怒的状态，失去理智的他埋伏在案件主审法官的公寓楼道里，预备用石弓袭击法官。法官受伤入院，金庆浩被捕，在媒体的关注下，此次事件被上升为“司法恐怖袭击”。但金京浩对所有指控拒不承认，在他奋力抗争的过程中，这次“弓弩伤人事件”也愈发的扑朔迷离……
                                    
                                　　电影《断箭》根据2007年在韩国轰动一时的“弓弩伤人事件”改编。</简介>
<reviews>
<review>
<作者>一弯岁月</作者>
<作者评分>5</作者评分>
<时间>2017-11-01 00:56:51</时间>
<影评>

看了这电影也想写个影评了，韩国总是能拍出这样的电影，从《熔炉》到《断箭》《杀人回忆》《孩子们》《那家伙的声音》都是真实故事改变的，不论电影拍的好坏，故事本身就震撼到你心底深处去，我们国家难道就没有这种事吗，不是我们中国导演拍不出这样的电影，广电总局那就过不了关，有鬼的不能拍，拍个恐怖片最后除了主角精神病就是做个梦，要不就是吃了某种产生幻觉的药物导致的，坏人永远不能有好下场，正义永远战胜邪恶，就算是好人失手犯了错，结尾一定要去自首，杜琪峰在香港拍了那么多好电影，都是反应人性的，没有一个去自首的，到了大陆来拍，被广电总局整的所用片子结尾都是主人公去自首，气死你。宁浩拍个《无人区》好几年不过审，就因为片子里没有好人，逼的导演把徐峥的角色由一个坏人变成了好人。《天下无贼》过个审多难，原因不能把賊当主演，逼得冯小刚让刘德华刘若英去拜佛才过审。我们中国导演想拍些有批判性的电影就只能拍些古装的，讽刺一下清政府无能了，或者拍些日本鬼子的，讽刺日本人了，就算拍打鬼子电影也必须把中国人拍的很牛逼才行，姜文拍个《鬼子来了》，把中国老百姓面对鬼子懦弱一面体现出来了，最后也没能上映，虽然被禁也牛逼，放眼中国电影史哪部抗日电影敢跟姜文《鬼子来了》比肩，多悲哀的审查制度。就说烤问现代社会的电影，中国电影拿的出手的有几部呢，就算有最后还不是都去警察局自首了。也就是陆川的《可可西里》最后坏人扬长而去了。  

</影评>
<有用数>25</有用数>
<没用数>1</没用数>
</review>
<review>
<作者>焦小嫣</作者>
<作者评分>4</作者评分>
<时间>2012-04-06 19:58:01</时间>
<影评>
        司法不公，意味着强权势力背后的暴力执法。韩国屡出此题材精品之作，在我天朝连想都不能想唯有一声叹息抑或禁片定名。演员安圣基一副顽固不化老学究之相实在入骨入体，坚韧性格凌厉口舌影片中展示淋漓尽致，唯有受辱后与儿子相见默默一滴泪让人不忍唏嘘。
      </影评>
<有用数>16</有用数>
<没用数>4</没用数>
</review>
<review>
<作者>芷宁</作者>
<作者评分>4</作者评分>
<时间>2012-05-18 00:25:50</时间>
<影评>
        （芷宁写于2012年5月2日）

    作为一部揭露韩国司法体系黑暗腐朽现状的影片，《断箭（Unbowed）》的格局显得并不大，没有任何耗费大笔制作经费的炫目场面，片中大部分场景主要集中在小型法庭和监狱斗室，然而正是这样的以小见大、窥豹一斑的小格局，恰到好处地为观众打开了一扇窗，一扇以事件说话的窗，其中的深意，在胶片流转间被传递地充分而详实，且发人深省。

    片中事件的发生时间为2007年，临近当下，更说明韩国司法界灰暗的强权现状，从这个意义上说，该片的现实意义已经大于影片本身，小人物对抗司法审判的不公，个人于庞大体系中的坚守与抗争，这本身就具有一种飞蛾扑火般的悲情与豪情。在这样不对等的角力下，个人命运如同湍急洪流中的单薄枝叶般飘摇，所幸片中人虽举步维艰，却依旧固守信念，于是，那“石弓事件”的当事人、执着的数学教授金京浩便有了相当的代表性，仿佛一位顽强的斗士，又似一枚直击司法不公的象征符号。在现实中，于案发后的两年，即2009年，有一本名为《断箭：射向韩国司法部之箭》的纪实书问世，书名便言简意赅地说明了很多问题。

    该片英文名《Unbowed》，直译为不弯曲的，不屈服的，仿佛片中主人公金教授性格的写真，属那类刚正不阿到有点固执的人，又仿若他所教授的科目数学那般黑白分明、对错鲜明。然而，他不幸的遭遇便源自这样的性格，早些年，金教授就因指出了入学考卷中的错题而遭上司、同事非议排挤，作为教育者该秉承怎样的品格，金教授已给出了答案和例证，可于职场的人际关系和现实操控中，却是行不通的。而对不公正审判的不屈抗争也一再体现着金教授的倔强执拗，更难得的是，除却几日因身心极度受创而闭口不语外，其余时间，他都是侃侃而谈据理力争的，他在狱中所做的各种学习和笔记，都似乎在表明，即便遭遇坎坷，即使惨遭报复，于精神层面，他还是持有乐观希望的，尼采曾说：“痛苦者没有悲观的权力”，金教授已然受到了犹如蚀心剔骨般的痛苦，积极面对的心态便是从苦痛中开出的精神之花。

    纵观全片不难发现，该片整体架构较为合理，表现方式客观而真实，善于把握敏感题材并挖掘社会深度问题的导演郑智泳，自始至终都没有将一种非常主观的态度带入片中，他以近似于白描的手法，耐心细致地再现了一场场庭审、一次次对峙、一个个事实，于是，各种疑点顺理成章自然而然地浮出了水面，其中的蹊跷自是不言而喻。虽然，导演没有将主观态度强加于人，但可以看出，影片在尊重客观事实的基础上，有一定的艺术加工和观点提炼，在艺术属性和客观存在之间取得平衡的同时，又着力于剖析社会问题的纵深度，显然，对此间火候的把握，郑智泳很得要领。

    就表演而言，安圣基给出了一次精彩而平实的表演，可以说，影片因他的表演而晋升到一个比较高的层面，他诠释的金教授，愤怒包藏于平静刻板的表象之下，反而令愤怒具有不可预知的力量，坚毅的面孔和坚韧的表情更提点出角色不屈的性格。在法庭上始终镇静自若的冷静应对，则体现了人物不凡的头脑和心境，在这样强大的内心世界的支撑下，有理有据的清晰表达凸显了片中人对公平公正的美好追求。而在狱中受辱后的沉默和呆滞，则分明让观众听到了内心被撕裂被践踏的声音，可谓举重若轻。

（约稿）

http://nicolew.blog.hexun.com/75906329_d.html

</影评>
<有用数>7</有用数>
<没用数>0</没用数>
</review>
<review>
<作者>等公交的感觉</作者>
<作者评分>4</作者评分>
<时间>2018-09-15 22:26:37</时间>
<影评>

看了很多电影了，第一次真的写下了一点东西。韩国电影看的最多的就是这一类的片子了，充斥着社会现实，也不失为一种黑色幽默。还记得第一次看并且喜欢上韩国的这一类题材的那部片子，叫做《辩护人》，当时最后一个镜头真的是让我一个大男生都哭了好久，从此一发不可不可收拾，几乎把所有关于这类电影都看了。其实有时候想想，到了电影里的人物的那个处境，真的会很绝望吧，但说这部电影中的教授，毕竟还带有一些诙谐，也是有一点喜感的人物，也不像《辩护人》那么的色彩昏暗，无奈之中又有些许亮光。每次看到这种电影，真的是会不由自主的想到我们所在的这个社会，题外话，我今年高二，最后一届的文理分科，不出奇然的选择了文科，高中和初中是真的不一样，想想前年初三的我在政治历史课上依旧不相信老师而且还和同学们阔阔而谈一些故意去相信和教科书上不一样的野史的时候，然后经过高一一年的时光，或许也是经历了什么吧，也或许是哲学的来源是对于世界的追问和思考，然后就萌生出了想要从政的念头，可能也是因为奶奶告诉我小时候抓阄抓的是毛病和印章，呵呵。（没有骂人的意思。）然后也有相当律师说念头。想法太多了，没次看电影的时候都会突然蹦到脑海当中。刚刚开始学马哲，才真是的发现辩证唯物主义和历史唯物主义的马哲真是的厉害，看似与现在具有阶级性的根本属性的国家这一统治者的工具相违背的共产社会遥不可及，可是谁也说不定，真正哲学的发展所带来的人类的思想解放与社会变革或许真的会把未来的人类社会变成一个我或许都想象不到的样子。对，没错，我现在是一个马克思主义的纯真的信仰者，至少根据我目前的知识所形成的世界观，我认同并赞成马哲。我想通过自己的努力，去融入社会，去让社会变得更美好，更想我想象中的那个样子。前一段时期的宝马男事件又引出正当防卫与过失防卫的界限的明确与否，都是目前所必须要解决的问题。一句很俗很俗的话，“将来的社会是我们的”，一点都没错。如果数年之后，我真的步入仕途，希望我依旧会记得在这个高二开学第二周的周六下午刚刚回到家吃了两把鸡然后看了一部电影的晚上，一个十七岁的文科男生，又一次把他的理想所提起并又一次的深深扎入土中，如果我真的步入仕途，我真的希望我会记住这个纯洁又美好的愿望，为共产主义而奋斗，不忘初心，为人民服务。呵呵，万世纷纷啊。如果你真的看到了这里，那么陌生人，真的很感激你，这个沉醉的夜晚令人的思绪有些沉迷，说了些什么，似乎自己也看不太懂了诶。或许这个晚上，只是一个十七岁的高中生在又经历了一个星期世事然后突然的感慨吧，呵呵。
晚安，各位。

</影评>
<有用数>10</有用数>
<没用数>0</没用数>
</review>
<review>
<作者>大P™</作者>
<作者评分>4</作者评分>
<时间>2014-03-16 21:59:03</时间>
<影评>
        片子尾声，律师问老师，您丫是什么时候变得这么讨人厌的啊？

老师回忆，咦？是啊~我初中的时候还不这样呢，那时候第一个把数学题做出来了，都要等其他同学先举手才敢跟着举。

这个等别人先举手的场景我们多少都有点熟悉，在无数次的举手中，我们基本上都学会了“等别人先来“。在天朝和韩国这样的儒教国家里，一个人成熟的过程就是不断融入更多人，不断随大流，不断消灭个性的过程。

在那么一大坨人里，有情商高心眼很多的，就背地里偷偷藏点心思，也被称为鸡贼，更多的是脑子不够好使的，完全把自己调成省电模式，闭着眼睛跟大伙儿走就行了，但，还有个别死硬分子，硬着头皮不肯悔改，越干越特立独行，鹤立鸡群，在中国各地的方言里，都有专门的词来指称这些人。这些人里，极端者如《天注定》里拿猎枪崩人的姜武，温和者如沈从文，新中国不创作。


这片子，与其说是在骂司法不公，不如说是在呈现所谓主流、权威对不合群者的绞杀。


两位落魄的主角都是这样的不合群者，大学教授只因为在一次考试命题事故中没有沉默，坚持原则而被同事和学校孤立、失去教职、被枉法裁判并最终被法官诬陷；酗酒的劳工律师也因为没有参加同僚们都参与的案子而被孤立，律所差点破产。


因为对原则的坚持，可能还有一点点自以为是，他们选择了不站在只是人多的那队，然后就一步步与主流渐行渐远，最终”自绝于人民“。


据我所知，还没有几个不合群者有好下场，这个社会的筛选机制中，不合群者的胜出概率比随大流的人小得多，即使在这部片子里，教授还是获刑了，估计这辈子都别想回学校了，二百五律师，也又拿起了酒瓶。


写到这儿，又该想起王小波那只”猪兄“了，面对围捕，它的结局是跑出了村子，长出了獠牙，你们呢？





</影评>
<有用数>6</有用数>
<没用数>1</没用数>
</review>
<review>
<作者>刘泓君～较瘦</作者>
<作者评分>4</作者评分>
<时间>2017-11-02 01:51:23</时间>
<影评>

       人有一种惯性思维，也爱做比较。刚开始看到《断箭》简介的时候，不由自主的想到了《守法公民》这部片子，但内容却大相径庭既没有激烈的好莱坞式的正义审判，也没有开挂式的主角光环。
        
        本片把故内容主要放到了庭审环节，但也不像《辩护人》中饼叔一样激烈的甚至咆哮式的申辩那么大快人心，导演没有刻意的用镜头感去衬托其中的黑暗和无奈，虽然只是普通的叙事手法，但是也能深深的体会整个故事的“虐心”。

      法律是健全的，但是执法人员就是腐败独裁睁着眼说瞎话，想起地痞流氓的理论:“没有为什么，就是要弄你！”你有脾气吗？哪怕男主跟辩护律师把法官等人说的哑口无言也无济于事。

        此类型片的关键并不是说什么不好，而是教育意义，可能对已经定型的成年人们没有任何作用，甚至一些人会噗嗤一笑。但是会给坐在屏幕前的青少年一种潜意识植入，特别是以后会从事法律行业的潜在从业人员，在你们看完此类电影被虐心过，甚至破口大骂其中的黑暗过后，当你面对类似的问题的时候会怎样处理呢？

       最后不得不说整个电影行业，不是我们的编剧或者导演不行，我们其实不乏好的题材好的内容，在上个世纪80.90年代涌现出大批的好作品，但现在的审查制度大家都懂得。所以我们只能谈谈情说说爱，恶搞完了卖情怀，笑了乐了挣到钱了就行了，剩下的事就让其他国家做吧。



</影评>
<有用数>5</有用数>
<没用数>0</没用数>
</review>
<review>
<作者>康斯坦丁</作者>
<作者评分>3</作者评分>
<时间>2012-04-09 11:29:03</时间>
<影评>
            韩国电影的题材的确很大胆，有这样一个相对开发的审核制度，难怪能够在短期内有个质的飞跃。其实就演员质量而言，本片中除了安圣基，其他人的表现只能说是一般，最多偏上一点，可胜在影片整体框架好，故事佳，再加上安圣基非常精彩的演绎，完全将影片带入到了一个比较高的境界。。。

   能够将最近几年的社会题材搬上荧幕，韩国影人的速度和反应方面都颇令人佩服。。。
      </影评>
<有用数>0</有用数>
<没用数>1</没用数>
</review>
<review>
<作者>渣</作者>
<作者评分>4</作者评分>
<时间>2012-02-05 10:48:23</时间>
<影评>
        看的早场电影。立春周六清早的电影院里也还是坐满了观众。

安圣基，算是老戏骨了。其余的几名演员也都有多年表演经验，所以开始就对电影的质量没有抱太大怀疑。

一个固执的数学教授为了自己的名誉而抗争的故事。根据实际事件改编。没有最近商业电影的大场面，大部分的场景都在法庭和监狱中，以故事和演员们的表演取胜。

无论哪个国家，只要有掌权者，就会有不公平的事件发生。起初只是由一所大学考试题中的一道误题究竟要不要告知学生的问题开始，由于不公平的判决，事件像滚雪球一样越滚越大。

于是想到了前不久刚看了另一部片，도가니-熔炉。

都是根据真实事件改编，同样的是相对弱势的群体同掌控国家实权者抗争的内容。但是，此片最后的字幕部分给人带来了点希望。安圣基饰演的那位教授，在经过漫长的法律公诉过程后，于2011年终于得到了无罪释放。

虽然是个很严肃的片子，但是中间偶尔也会点到观众的笑点，让人们稍稍轻松一下缓一口气。起初对于这位教授在法官面前都要字字据理力争的固执性格完全的无法认同。但是，当看到最后的时候，又不禁想，幸亏这位教授有这么执着和固执才能最后为自己挣来释放。

新年之后看的第一部片子。比预期的还要不错，所以很满足。
      </影评>
<有用数>7</有用数>
<没用数>1</没用数>
</review>
<review>
<作者>SLOW</作者>
<作者评分>3</作者评分>
<时间>2023-08-18 12:04:40</时间>
<影评>

观今之华夏，许多人奔波在利益的大道上，钱来钱往。许多人错走在无路的绝涯边，只余一叹。也有人漫步在山林上通幽的小径，琴瑟诗文，画笔挥洒，过着于自然与艺术交流的生活。当然总也有那么一些人，在历史的各个时期中涌现出来，站在哲理人伦的制高点，用心中坚信的正义和道德来感化这个世界。他们注定选择了一条布满鲜血的荆棘路，曲折坎坷，前途茫茫。

可是，谁又能知晓是他们选择了路，还是路注定了他们？

</影评>
<有用数>0</有用数>
<没用数>0</没用数>
</review>
<review>
<作者>死前生物</作者>
<作者评分>4</作者评分>
<时间>2016-08-04 22:52:59</时间>
<影评>
        从《杀人回忆》，再到《恐怖直播》，对韩国这一类的电影越来越喜欢。有剧情，有人性，有希望。

这部戏看得我好压抑，有种很无助的感觉。当律师在海边跟妻子说“我们移动民吧，想想把孩子留在这样的国家，真是悲凉“时，我感觉海岸远处的天空都暗沉了下来。当被告在狱中受人欺凌，当审判长在法庭傲慢独裁，当辩护律师在酒后歇斯底里，我惶恐法制为何如此低贱，腐败为何如此猖狂，正义为何如此脆弱？

很多人以此对此天朝，其实我由衷的信任党国，信任国法党章，它们明明把生活描绘的如此有序而健康，它们的理想和愿景都是美丽美好的。为何现实却有如此黑暗一面？归根结底，人是分好坏的，当坏人手里有了权力，不管他穿得是朝廷官服，还是国军军服，又或是八路制服，他们都是一样的，坏人的身份永远都没有改变过，他们都是破坏者。所以执法者应该是无时无刻都需要监督和审视的。监督权力是每一个公民的权利。
      </影评>
<有用数>1</有用数>
<没用数>1</没用数>
</review>
</reviews>
</movie>
