<?xml version="1.0" encoding="UTF-8"?>
<movie>
<电影名>亚特兰蒂斯 Atlantis</电影名>
<年份>1991</年份>
<评分>8.1</评分>
<封面>https://img9.doubanio.com/view/photo/s_ratio_poster/public/p2591278625.jpg</封面>
<导演>吕克·贝松</导演>
<演员></演员>
<简介>剧情梗概：
                                    
                                　　此片无演员，只有旁白，这部影片将带领影迷进入美丽的海底世界，配上美妙的音乐，以音画来表现不同的生活面貌与心灵层面。我们将可看到海底在日出与日落之间的神奇变化与景观，吕克·贝松设定了几个主题来描绘"海底的一天"，主题包括有"内心"、"旋律"、"悸动"、"灵魂"、"黑暗"、"心灵"、"温柔"、"爱"最后是"恨"。全片在海底拍摄，动物是片中唯一的演员。海蓝色是此片的主色调。配上赛拉的玄妙乐音，吕克·贝松将更完整地呈现大海所孕函的丰富色彩……
                                    
                                　　说明：
                                    
                                　　此片是1991年威尼斯影展的开幕大片。亚特兰提斯是传说中一片被淹没的神秘陆地，位于大西洋底下。吕克·贝松想要证实海底下的世界，也有一个核我们社会一样的组织。或许也可以说"亚特兰提斯"是"碧海蓝天"衍伸出来的副命题。此片是吕克·贝松摒弃传统拍摄手法的作品，一部纯视觉享受的电影，没有传统剧本，没有人类对话，只有音画紧密结合，完全依赖吕克·贝松与配乐师艾瑞克赛拉共同研议脚本。吕克·贝松以动物间的求爱，群斗，追逐等场面来丰富剧情，拍片足迹遍及世界各地海域，包括有苏格兰，澳大利亚，大洋洲，哥伦比亚，佛罗里达，巴拿马群岛等海域，甚至北极极地海域的冰雪景观或多方战端的红海海域。吕克·贝松认为这是他最后一部讨论有关海洋的影片。这也是一部充满环保意识的影片，全片只有悠游大海的鱼，毫无人影，是吕克·贝松又一次冒险之大不讳之作。</简介>
<reviews>
<review>
<作者>unicell</作者>
<作者评分>5</作者评分>
<时间>2006-05-08 00:10:16</时间>
<影评>
        拍的真是美。当大章鱼气定神闲地掠过，缓缓地游向海的深处。长长的触角拖在两侧，好像国王巡游时黑色的披风。还有Manta Ray游过的时候。。。


有一刻，我想我真的可以感受到导演所谓的soul与spirit。。。


最后贴一下开头的那段旁白，看的是英文配音的版本，有几个词听的也不是很确定


One by one

Forget the everyday sounds, words, and symbols of mordern life

Forget theatre of glass, metal and fabric

Forget the streets which everyday bring you closer to the future


Welcome to the world of Atlantis, the original world


Here man was born

Here man matured, like a prince inheriting a kindom

though this world without gravity

this world without chaos

his senses have been educated

this beautiful and gernerous sea, has offered him eternal gifts of love, tenderness, rhythm, grace, soul and spirit


One by one

Forget every memory of the past

Forget everything you know and dive, deeper and deeper

into the world of millions years ago

to the time when this wonderful idea of life

is going to become irreality
      </影评>
<有用数>11</有用数>
<没用数>1</没用数>
</review>
<review>
<作者>叶洲</作者>
<作者评分>4</作者评分>
<时间>2008-07-23 19:37:29</时间>
<影评>
        《碧海蓝天》是一部关于人和大海的文艺片，同为吕克·贝松导演的这部《亚特兰蒂斯》则是彻底的一部赞美大海的电影。不同于描述海洋的自然纪录片，本片完全以艺术为主题。没有旁白，没有字幕，只有美轮美奂的海洋世界和与之相配的天衣无缝的音乐。


影片开始的旁白过后，整个世界再无人类的痕迹。茫茫碧海的魅力马上就征服了观众，海豚的灵性，海蛇的韵律，企鹅的舞蹈，鳐的优雅（这一段的女高音背景音乐尤其出色），大群鱼的欢呼，神秘的乌贼，精致的珊瑚，现实中的人鱼--儒艮，海洋生物的爱，嗜血的鲨鱼（它们的牙齿和捕食的如此近距离特写我从没见过）…… 一切狂欢过后，大海重归宁静，新的一天到来。


吕克·贝松儿时的梦想是当一名潜水员，在一次严重事故后不得不放弃这个梦想，但他仍然对大海有执著的热爱。《碧海蓝天》和《亚特兰蒂斯》是他集中反映对大海的感情的两部影片。《亚特兰蒂斯》把所有镜头都给了大海中的生灵，配上人类最美妙的艺术品--音乐，大海无穷的魅力得到了尽情地展现。


罕见的专门表现海洋的艺术性电影。


微信公众号：肥嘟嘟看电影(feidudumovie)
      </影评>
<有用数>7</有用数>
<没用数>0</没用数>
</review>
<review>
<作者>soir</作者>
<作者评分>5</作者评分>
<时间>2007-06-09 20:37:07</时间>
<影评>
        毫无道理的喜欢.毫无道理的恋上.

Atlantis埋葬在无边蓝色的古老.

Atlantis埋葬在我心中的美丽

第三次看的时候索性闭上眼,用想像描绘我的蓝色世界,这也算看么,或许吧.

看到我的海洋,看到我的世界,充满蓝色,充满灵性,充满你的美丽.je t'aime 毫无疑问
      </影评>
<有用数>1</有用数>
<没用数>0</没用数>
</review>
<review>
<作者>陈沐沐沐</作者>
<作者评分>3</作者评分>
<时间>2016-02-26 16:44:43</时间>
<影评>
        虽然这是一部给人看的电影，而为了不无聊，用以配乐和小标题适当将人的注意力拉回来，但是还是过于主观了。你怎么得知在繁衍后代的鱼类是快乐的？或许并不相爱，只是生理快感罢了。你怎知在游戏的鱼是在嬉戏？或许那只是它们的习惯。你怎知他们是因仇恨而进食？他们吃个东西都要冠以仇恨这样厚重的字眼，那人类吃鸡蛋，吃肉类，是不是早就内心丑恶、面容可憎了？

一直纠结这种电影是如何不吓到鱼类又拍成功的。


但是为了唤起回忆，我还是借用小标题来表达自己思考的片段。导演的强制主题不喜欢，运动还可以说得过去，爱，仇恨，温和这些，太主观了吧！

l'esprit思维：一群动物越聚越多，最后还是选择三五成群？是我过度解读？

le movement运动：海龟在海中靠浮力而非重力，简直就像在天空飞翔。蛇的音乐和动作都像在跳肚皮舞，那么灵动灵活的海洋生物到了陆地为何充满了雄性的坚挺和圣经的阴暗？值得思考。

le jou游戏：这几个车祸镜头好带感！！

la grace优雅：一曲完毕，如潮的掌声和鱼群相互照应，抄袭狗表示以后剪mv不妨这么玩啊！！海带和墨鱼各方面都很像古代的青楼男女关系，女性被动，男性四处寻欢。



</影评>
<有用数>0</有用数>
<没用数>0</没用数>
</review>
<review>
<作者>破格</作者>
<作者评分>5</作者评分>
<时间>2016-04-20 22:26:16</时间>
<影评>
        看的原版，多亏了在线翻译，手动把字幕一个个翻译了，发现电影把动物拟人化性格化了。而“夜”与“信仰”的符号衔接又非常的精妙。


手机打字，暂且记录

精神-海豚

运动-海蛇

游戏-海狮+海蜥蜴

优雅-蝠鲼（看到有人此处写鳐鱼，查了一下，确实是蝠鲼啊）

夜-章鱼

信仰-珊瑚礁

温柔 -海牛（有人此处写儒艮，但是片中生物尾巴呈扇形，而儒艮尾巴是月牙型）

爱-先前出现的动物角色交配

仇恨-鲨鱼

最后一天 出生-回到水面（在线翻译实在不知道该怎么办）


几处印象深刻并极富趣味的地方：

海蜥蜴扒着海藻大快朵颐；蝠鲼唱歌剧，且配口型；海牛吃海草并刻意录了吃东西时的声音。


另外：看完片子无感的同学，可以先期老老实实啃完三部原版纪录片再来看此片，大概会有效。
      </影评>
<有用数>2</有用数>
<没用数>0</没用数>
</review>
<review>
<作者>byeprincess</作者>
<作者评分>4</作者评分>
<时间>2009-09-16 07:03:36</时间>
<影评>
        仿佛触手可及的美丽。

安静的美妙的 感同身受的 就像梦想成真变成了人鱼 开始了海洋生命之旅

没有旁白 没有人打扰 只是音乐和蔚蓝 一切就想真的发生在眼前

在海里漫游 远远的 光影里你感觉到有什么像你游来 

小心的自在的神秘的


我知道海洋里充满了声音 人类无法与之比拟的 来自一切生命源头的声音

无法探究 也永远领悟不来


和海豚挤在一起翻滚嬉戏唱歌 

躲过鲨鱼 

轻轻抚摸海底的细沙和海藻

跟着海蛇看看他扭曲的腰肢最后要藏到哪里

迎面飞来的魔鬼鱼 唱着歌剧缓缓翱翔而来 

巨大的章鱼在纠结墨绿的水草中慢慢落下


凌乱的看了一遍一遍 心灵平静下来

如果能选择 我一直不会选择飞翔的翅膀 我宁愿选择腮和鱼尾

天空的确自由 可我更向往游向深不见底的地球深处


片子的结尾 好像一跃而出 滑翔在水面上空 看着人类的小船开国波光淋漓的水面 划出常常又转瞬即逝的白浪


然后一片黑暗 又回到我爱的海底。


========================================


亚特兰蒂斯 是我一直向往的地方 向往超出地球上的任何地方

并且极度憧憬自己有天能变成人鱼


不想谈及拍摄的手法和利弊

总之 喜欢的人就是会喜欢





</影评>
<有用数>0</有用数>
<没用数>0</没用数>
</review>
<review>
<作者>pluto</作者>
<作者评分>4</作者评分>
<时间>2011-03-12 19:54:44</时间>
<影评>
               如果说《碧海蓝天》展现给我们的是海洋的深度，这部电影就是广度。

       吕克·贝松在摄像机镜头中倾注了自己对海洋的所有感情，所以我们才能感受到那种震撼人心的力量。电影的后期制作是很精美的，包括剪辑配乐，他甚至把这部纪录片分割成主题交响歌剧-大幕徐徐拉开，一幅幅生机勃勃多姿多彩的海底世界就展现在观众的眼前。

       虽然摄像机的镜头没有浮出过海面，但是我们还是看到了一个海底的自然，那里有风沙有树木有雨雪有山谷。那里的精灵们性格各异但都血肉丰满，鲨鱼，海豚，海狮，海鳐。。。他们用自己的舞蹈演奏出一曲生命的挽歌。可以说吕克·贝松为我们唤醒了一个消失了的亚特兰蒂斯。这也是导演的海洋之梦吧。

      这部纪录片是有张力的，甚至不亚于雅克·贝汉的三部曲。虽然《海洋》我还没有看到，但是我感觉这部电影可以与之匹敌。
      </影评>
<有用数>0</有用数>
<没用数>0</没用数>
</review>
<review>
<作者>狂簡 槲寄生</作者>
<作者评分>4</作者评分>
<时间>2008-05-29 23:36:12</时间>
<影评>
        没有语言 所以像是影印的诗：看她之前先看了一部动漫，就叫做失落的帝国，要偏题；以为能逃离，能自由，吕克 贝松有些狠毒；忘了那些音乐的语言，忘了流云的想象，却想起维吉尼亚号上的Nighteen Hundred,要哭了。。。。。。
      </影评>
<有用数>0</有用数>
<没用数>0</没用数>
</review>
<review>
<作者>mary（待注销）</作者>
<作者评分>4</作者评分>
<时间>2013-02-12 01:59:27</时间>
<影评>
            又有机会看一遍亚特兰提斯。

    童话般完美的结局。依然喜欢说明说明还是没长大。唉。

    水晶玻璃的人儿，那公主。

     小科学家被大家喜欢，因笨而可爱。几个配角形象也很生动。


     慢腾腾聊天那个老太太，那种自信，真是可爱。

     ——小手指拨弄方向盘，一脸的无奈。

     —— 修锅炉

     —— 躺着接电话

     —— 喝“甘油”


      保护家园那段，真是漂亮。
      </影评>
<有用数>0</有用数>
<没用数>0</没用数>
</review>
<review>
<作者>路上的歌</作者>
<作者评分>4</作者评分>
<时间>2011-10-25 10:09:45</时间>
<影评>
        最近才知道Luc 有这么一部片子，如果早知道，我想我会给ocean3星，不会拿ocean当做海洋的教科片。

很多评论说这部片子拍的索然乏味，我只能说是你们对于一部纪录片赋予太多的期望，期望越大，失望越大。指望一部没有文字的纪录片讲出条条道理来，真是异想天开。

用几大主题来贯穿全篇，我想这是我欣赏他的理由，或许比那ocean杂乱无章的排序有趣的多！

一个Atlantis一个big blue 能看出luc对大海深深的眷恋，恩，感情真的很深，两部片子时隔仅仅3年！也许大海真的是每个人的归宿吧，才会从心底向往！

oh my lord 纪录片的影评真难写！！！

PS.其实这部片子看过以后，发现一个新的用途。。。当背景音乐来看书。。。
      </影评>
<有用数>0</有用数>
<没用数>0</没用数>
</review>
</reviews>
</movie>
