<?xml version="1.0" encoding="UTF-8"?>
<movie>
<电影名>虎胆龙威4 Live Free or Die Hard</电影名>
<年份>2007</年份>
<评分>7.7</评分>
<封面>https://img9.doubanio.com/view/photo/s_ratio_poster/public/p2896590296.jpg</封面>
<导演>伦·怀斯曼</导演>
<演员>布鲁斯·威利斯 / 蒂莫西·奥利芬特 / 贾斯汀·朗 / 李美琪 / 克利夫·柯蒂斯 / 乔纳森·萨多斯基 / Andrew Friedman / 凯文·史密斯 / 约戈·康斯坦丁 / 塞瑞尔·拉菲利 / 克里斯巴勒莫 / 玛丽·伊丽莎白·温斯特德 / 姜成镐 / 泽利科·伊万内克 / 克里斯蒂娜·张</演员>
<简介>某年7月4日，周末，正在休假的约翰•麦卡伦（布鲁斯•威利斯 饰）接到一个新任务：逮捕黑客马特•法莱尔（贾斯汀•朗 饰），然后送到FBI那里接受审讯。
                                    
                                　　其实，事情并没有看上去那么简单：极端恐怖分子经过周密策划之后，准备利用黑客技术，在美国独立日当天让全美国的计算机系统集体瘫痪，从而达到他们控制全球的阴谋。而且，幕后黑手托马斯•加布里埃尔（提摩西•欧里芬特 饰）为了阻止麦卡伦插手这件事情，为他准备了一大堆机关障碍，其中包括绑架他的女儿露西。
                                    
                                　　老英雄遇上了新问题，在马特•法莱尔的帮助下，麦卡伦继续“生猛”……</简介>
<reviews>
<review>
<作者>非言</作者>
<作者评分>5</作者评分>
<时间>2007-08-03 14:58:09</时间>
<影评>
        还记得《虎胆龙威1》是哪年上映的吗？1988年。此后，福克斯又分别于1990年和1995年先后推出了《虎胆龙威2》和《虎胆龙威3：纽约大劫案》。直到今年6月27日《虎胆龙威4：自由之神》公映，这个系列已经走过了19个年头。1988年，布鲁斯·威利斯才33岁，现在他已经52岁了；而片中的约翰·麦克莱恩也从一个能吸引陌生女性——第二部中一个机场的地勤人员——主动与其约会的中年硬汉，变成了给女儿物色男友的光头大叔。


在这19年间，我们看过了不胜枚举的好莱坞动作大片，超人、蝙蝠侠、蜘蛛侠、绿巨人、忍者神龟、神奇四侠、恶灵骑士等一系列具有超能力的人物成了银幕上的常客。这些影片虽然呈现了越来越神奇的情节，但却越来越难以带给观众们一丝感动，因为人类在影片中几乎完全沦为了只能等待拯救的废物；展示了越来越炫目的动作场面，但却越来越像给人留下深刻的印象，因为3G技术的日臻完美使动作失去了太多的可信性；塑造了一个又一个的年轻影星，但人们却越来越拿不准哪个名字应该对应哪张脸，因为俊朗的外表绝不是打动人心的关键因素。


而布鲁斯·威利斯饰演的麦克莱恩却恰恰与上述这些人物相反。首先，他就是一个普通的警察，甚至还有些吊儿郎当，但每到关键时刻他却总是能挺身而出拯救身边的人，拯救国家。不过，与上述人物不同，麦克莱恩没有任何特别的功夫或者技术，就更遑论超能力了，他克敌制胜的法宝就是不怕死、不服输的坚强意志，借此他激起了观众心中久违的英雄主义情结，并使其鼓荡不已。其次，麦克莱恩的拯救行动虽然堪称铁肩担道义，但他真正要拯救的其实只有两个人——妻子和女儿，因此这个形象虽然是个人英雄主义的代表，却又每每都能触动我们心中最柔软的部分。再次，无论如何布鲁斯·威利斯的形象也和英俊不搭界，脸上始终是一副惨兮兮的表情，衣着也总是稍显邋遢，但却像麦克莱恩我们身边的人物一样，招牌式的笑容增加了亲切感，即使剃了光头也会让我们觉得他更可信赖。


正是凭借约翰·麦克莱恩这样一个人物和布鲁斯·威利斯这样一个充满个人魅力的演员，即使电影的情节设计一般，搭档不出彩，视觉效果也远达不到完美的程度，《虎胆龙威》系列依然无愧“经典”二字，麦克莱恩一次次在影片中拯救了美国，布鲁斯·威利斯也一次次拯救了这个系列电影。


当然，如果把话说回来，布鲁斯·威利斯至今依然威风犹在，《虎胆龙威》系列着实功不可没，倘若回头看看他近几年的作品，无论是《罪恶城市》还是与哈里·贝瑞合作的《完美陌生人》，基本上都是不能获得什么加分的。


其实，好莱坞很多老牌男影星都面临这同样的问题。比如，肖恩·康纳利，007之后虽然有《勇闯夺命岛》和《偷天陷阱》撑门面，但却只能甘当绿叶了；还比如，艾尔·帕西诺，在最近的《88分钟》里，虽然演技无可挑剔，但却受剧本所限，没有大作为。当然，正面的例子也还有，那就要算施瓦辛格了，尽管已经跻身政坛，但凭借在《未来机器人》中的表现，他依然令影迷念念不忘。


说到这儿，我们还会想起另一个人——哈里森·福特，正是他的《亡命天涯》使中国观众见识了所谓的好莱坞大片，之后的《爱国者》、《空军一号》都堪称力作，但从《六天七夜》开始，他的老就藏不住了，就更不用说最近的《防火墙》了。但是，有了今年的布鲁斯·威利斯和《虎胆龙威4》，谁又能不对将在明年5月公映的《夺宝奇兵4：圣战奇兵》充满期待呢？
      </影评>
<有用数>192</有用数>
<没用数>24</没用数>
</review>
<review>
<作者>罗孝贤</作者>
<作者评分>5</作者评分>
<时间>2007-10-26 13:44:33</时间>
<影评>
        从1988年《虎胆龙威》到2007年《虎胆龙威4》，我发现： 

1、布鲁斯威利斯大叔（以下简称“老布”）的头发从33岁拍到....（我数数）52岁，头发越来越少，终于现在全部掉光。

 

2、老布夫妻俩从第一集关系产生裂痕，第二集关系转入微妙，第三集纠缠于离离合合，到第四集他爱人压根就没有提及了，换成了父女关系——又是紧张的关系，由此类推，第五集应该是父女关系转入微妙、第六集纠缠于“离离合合”，第七集终于不再提及老布闺女，换成了他的孙女...因为老布那时应该已经是70多岁了。

 

3、从第二集开始，老布算受尽了飞行器的苦头，无论是民航客机还是直升机，因此在第三集以后他开始学习驾驶飞机，可是似乎只学会了怎样起飞，于是到了第四集，老布驾驶着FBI的直升飞机，出尽了风头，也卖光了洋相。当他从天桥跳上美国“最先进的”F35式战斗机，我非常开心，以为将要欣赏老布牛B冲冲的cos史泰龙的《第N滴血》...可惜，飞机爆了，老布摔下来了，当然，never die。

 

4、老布似乎忘记了在自家电脑插上网线......也许根本就没买电脑。于是到了第四集，所有行动完全依靠各位黑客大侠的指引，除了打架、杀人，还有爆粗。没办法——英雄，是不需要学电脑的。

 

5、只差最后一步——把内裤穿到长裤外面，老布就可以蜕化成超人哥哥了。你看，无论天桥有多高，汽车有多快，爆炸有多猛，飞机有多牛，老子一点屁事没有，哪怕你把整个东部（？）的燃气充到我地盘炸掉，哪怕你F35导弹扔多几根，哪怕老子自个开枪朝胸射自己一下，老子还是没事，贴块创可贴，好了！——当然，得在非关键部位留块疤，因为咱不只是英雄，还是男人。

 

6、美国的暴力执法机构越来越无能弱智了，前三集好歹还出动了大批人马帮手扫清了不少不痛不痒的障碍，到了第四集，基本全靠咱老布...及那帮黑客孩子了，全国上下警察探员特工不是在大街彷徨就基本呆在几十寸的液晶显示屏前震撼眼前的灾难，眼看都举国一锅粥了，金融都乱套了，那些关键人物居然还没想到去保护那个可以用移动硬盘转移走的财政信息，幸亏咱黑客想到了，还顺手帮忙加了密码锁。

 

7、片尾visual effect的字幕是越来越长了，好长好长，都快变形金刚了。

 

最后总结几句，对于这样的大片，我希望还是多拍几集，没有美女没有床戏没有点露不要紧的，拍多几集也不要紧的，最重要是....好看。

 

我说完了。
      </影评>
<有用数>99</有用数>
<没用数>5</没用数>
</review>
<review>
<作者>tintin76</作者>
<作者评分>5</作者评分>
<时间>2007-06-27 14:52:27</时间>
<影评>
        时间：2007年6月26日19时

地点：Banque Scotia影院

事件：《虎胆龙威4》北美首映场


现在福克斯fox也越来越小家子气了，这场超前首映放在了公映前一天，仅仅提前一天。不过，好在不像华纳那么缺德，彻底取消了在加拿大的超前首映。


言归正传，这场众望所归的动作巨片明显就是想来个先声夺人，目标？当然是过两天就会降临地球的派拉蒙+梦工场《变形金刚》。从目前的情况来看，后者压力会不小：这部一气呵成，火爆连连长达130分钟的影片让人感觉也就90分钟的光景，从最开始交代背景，到逐渐引入枪林弹雨，渐入佳境，最后一锤定音，恐怕大多数观众只有两个字：痛快！


的确，好久没看过这么纯粹、硬朗的好莱坞动作猛片了，上一次是什么时候？《真实的谎言》？再上一次呢？《虎胆龙威3》？那已经是12年之前。


除了精心设计的动作场面，穿插其中的插科打诨当然是《虎胆龙威》系列的招牌配料，而担当这个任务的Justin Long，他的演出正正好。


50开外的布鲁斯威利斯摆脱《完美陌生人》那样的花瓶角色后，重归最看家的路线，摸爬滚打的全武行，一而再、再而三的超越人类极限，都宣告了动作之王的回归。这也让我不禁联想到：明年，印第安纳琼斯尚能如此饭否？


另外的一些花边料：恶搞历届美国总统、Maggie Q被"NYPD"爆捶至花容不再、特殊武器打直升飞机……说道这里，我得赞美一下伟大的“娱乐至上”。


忘掉装腔作势的《加勒比海盗3》吧，忘掉酷得掉渣的《十三罗汉》吧……今年夏天，让我们仗着虎胆再现龙威。


9.5分！


原贴链接：
http://tintin76.blogcn.com/diary,8138371.shtml

</影评>
<有用数>40</有用数>
<没用数>3</没用数>
</review>
<review>
<作者>三只兔子</作者>
<作者评分>4</作者评分>
<时间>2018-03-22 18:56:49</时间>
<影评>

最近一直重温经典，觉得好的悬疑动作片真的可以拍的很好，男主形象气质硬汉，是很符合角色需要的！
动作戏打戏精彩刺激，拳拳到肉，没有浮夸表现。还是我喜欢的演员，真的圈粉了！
主持正义，惩恶扬善，不论哪个国家都是主旋律，坏人最后总会得到惩罚，不管你多大势力！
继续再看一遍吧😄，真的不错的一部剧啊！

</影评>
<有用数>39</有用数>
<没用数>2</没用数>
</review>
<review>
<作者>米菲</作者>
<作者评分>4</作者评分>
<时间>2017-07-05 17:35:46</时间>
<影评>
        这是《虎胆龙威》系列特别营造的一个惯例：约翰·迈克莱恩总是在错误的时间出现在错误的地方，然后被迫卷进一系列的麻烦之中。话说不知道是哪一年的7月4日，恰好是一个周末，虽说纽约警察约翰·迈克莱恩正在度假中，可是他还来不及和他那已经上大学的女儿露西道别，就被总部的电话叫走了，他接到一个任务：逮捕黑客马特·法莱尔，然后送到FBI那里接受审讯……怎么看这都是一件稀松平常的案子，可是你不要忘了约翰那天生吸引麻烦的体质。约翰刚刚抵达马特的公寓，就像触动了什么机关似的，各种各样的混乱接踵而来。





这部比5惊险得多！加入黑客入侵增加了些许可看性。一开场就是各种各样的暗杀，追逃，天罗地网，无处藏身。


　　在马特的帮助下，约翰那不太灵光的脑袋终于开始慢慢理解自己身边为什么发生了这么多事情。原来，不知道来自于何方的一股攻击力量，正在侵蚀着美国的计算机系统，一旦成功，整个国家都将陷入停顿的可怕状态。当然，这个计划背后肯定有一个神秘人物，只是FBI没办法确定这位神秘人的具体位置。




　　制造这场混乱的幕后黑手就是托马斯·加布里埃尔，他为约翰准备了一大堆机关障碍，包括绑架他的女儿露西。目的只有一个，就是避免这个警察插手自己一手策划的惊天大计划。要说计算机啊网络啊，可都是约翰的死穴，虽然不至于一窍不通，也八九不离十了。好在虽然一路连滚带爬，约翰却没忘记自己的任务，将马特牢牢地带在自己身边，于是这位年轻的黑客小伙子，就成了这一次约翰身边最得力的帮手。
      </影评>
<有用数>13</有用数>
<没用数>0</没用数>
</review>
<review>
<作者>庸兵懶龍</作者>
<作者评分>5</作者评分>
<时间>2009-05-08 21:53:07</时间>
<影评>
        你到底是想要自由的活着还是艰难的死亡？


我不知道，反正大叔真他娘的牛逼，我简单的回忆了一下，貌似这片子丫挺的就弄坏了两架半飞机。


一个是给我们大叔逼急了，开车直接撞过去的（还算好了收费站的角度）太牛逼了。


后面半个是着陆的时候蹭着尾（yi3声）巴了。估计是没法开了，不然从我们宝贝法师家出来还开什么老爷车啊。直接开着直升飞机去突突突了。


最后一架那是相当牛逼。比第一架还牛逼，我忘了什么型号了，是F-38还是什么的。。。。不好意思啊，我喜欢武器但是我只是单纯的喜欢，型号记下来的很少。。。。这飞机也很牛逼，面具男在上面开着，接到咱们杀手47的电话，就直接一个飞弹过去了。还没打着。不仅没打着还偏偏打到高架的桥梁上，导致整个四环从百子湾到四惠在往北直到朝阳公园的桥身都他妈的塌了（想到威尔史密斯的全民超人，估计这面具男也该被舆论所攻击了）  没打着也没事儿，面具男不着急不着慌的把飞机对准擎天柱的头，一按鼠标左键，突突突，这一串子弹。幸好大叔一个打轮。从四环辅路冲到京通快速。险些被突突突了。


之后的突突突我很惊讶，那是多少口径的子弹啊？能吧擎天柱整个给掀了。而且还能让坐在里面的大叔没事儿。。。。这不禁让我又想到了变形金刚有一个分支叫头领战士，就是变形金刚的头部也可以变形（囧）然后开的车是大变形金刚所变形的车（在囧。。。）难道大叔也是他娘的变形金刚，若不是，您一定留着天马座的血。。。。话说能开着擎天柱跟牛顿作斗争的，您是第一个。飞身跳在战斗鸡上的，您也是第一个。。。然后您还把战斗鸡的飞行员给逼飞了。。。大哥，您看那个原始人史前动物看多了是么。。。您真牛逼，那个是flash啊，您可是真人啊。您有多少HP 。。。不嗑药，没料理。担任raid 总boss  还是在杀了总boss的秘之后，过关斩将。难到您今天晚上开G团单刷凯尔王子瓦妹妹外加BT么？？？？


我完败。。。


说实话我想给这个电影4分的。但是导演跟大叔真的让我惊了。震惊了。。。我不禁在车上（拿PSP在公车上看的）说一句。牛逼。。。。



先写这么多吧。。。又饿又困。。。。


PS 看了半天那个boss。突然间才发现是杀手47.看来我果然痴呆了


PS2  这帮FBI真傻×。没想到在GTA里（电脑次，只玩了VC 和 SA）出现的那么快。。。。对boss效率这么低，那个副局长，莫不是你们俩有奸情么。。。。要是没有的话下次对我的通缉指数能降低点么，别动不动就给我送枪送子弹的。。。还要麻烦这帮兄弟。。。。派一个大叔就好了，我会自己去抓他女儿的~~~~



第一次修改：


按理说我现在电脑什么都玩不了，但是我真的喜欢FPS，尤其是使命召唤。但是我发现了，这个微软在里面也砸了不少钱。我看到的就有两个战争机器的片段，第一个是爆炸的倒霉黑客的室友在玩。


第二个就是咸湿的法师胖子在玩（虽然是个标题画面）


宅男都爱游戏，宅男都爱战争机器。。。还有黑客男的邻居好像是索饭啊。说杀戮地带的新破解版版云云~~~




最后说一下在冰箱里跟那个穿越男打架的片段，那个跑酷还真是cool啊。虽然我知道越绚丽的技能，会被主角越简单的轰杀。。。。虽然我知道看见了“绞肉机”就一定会让那哥们卷进去。。。但是还真是没想到一个管道的开关就终结了这哥们了。。。失败啊，失败。。。


哥们都能以各种不可能的方式战斗，并且拿到枪，射击。。。怎么也跟上面那个战斗鸡飞行员一样，不瞄准了在打？？？拜托当坏人之前能不能练练枪法，我就不要求你跟刺客联盟的甩狙一样了，但是您好歹也能打到个腿部啊。。。




那个说法语还是说俄语的哥们枪法很次。真的很次。虽然你命很大。那只不过是因为佣兵队里五个人要活一个，到最后在被主角轰杀罢了。没想到这哥们上来第一个Plan B 就失手。一直到最后，好像就没命中过，拜托你刷点英雄FB装吧。。。你韧性在高，也怕菜刀不是？


暴击法伤可以低，但是命中您得有吧？不然真白瞎了您太阳井刷出来的MJ了。。。。（好像mj不加法伤。。。那就比喻成ZAM的匕首好了。。。）





</影评>
<有用数>17</有用数>
<没用数>6</没用数>
</review>
<review>
<作者>叉</作者>
<作者评分>3</作者评分>
<时间>2007-11-29 00:24:47</时间>
<影评>
        看完电影，还是有想说的

第一印象，真的是好难死。其实要我说，观此片更本不用担心男主角会不会死的问题，你从他超酷的台词就能看出来了。导演并没有塑造一个警察，他塑造了一个德州电锯杀人狂，一步一步的，异常准确的找到你，拿着电锯，哦不，手枪，来干掉你。好人不再弱势啦！坏人才是弱势群体！555，不要欺负伦家坏人！伦家也是半路出家的，没大爷您猛啊。

再来吧，宅男的作用被放大到了无限…为了点题，为了显示信息时代的牛逼，你够宅，你能破国防部，你能拆电网，你能追电话，你能，你可以。宅男们私藏的麦克法兰手办被拆了！典藏金属版T2全身模型被捣烂了！后面出现的胖子宅明显是星战fan，叫啥来着？warlock？我还overlord,doomlock呢

在影片的最后，防爆警察在坏人死光了以后适时的出现了。掐的那叫一个准呦。导演等着收工领便当吧…

我知道我这么说是那啥了点，作为一个类型片，很多想法是蛮新的，动作设计的也不错，直升机算什么，F-35照样一枪托砸翻。牛逼，也要牛逼出风格，牛逼出水平啊！
      </影评>
<有用数>17</有用数>
<没用数>9</没用数>
</review>
<review>
<作者>好腾</作者>
<作者评分>4</作者评分>
<时间>2007-08-14 21:34:12</时间>
<影评>
        《虎胆龙威4》 

   随着史泰龙在《洛奇6》中的复出，从票房与口碑双丰收的情况来看，老布（布鲁斯 威利斯）也决定回归硬汉本色.就像明星因一部电影走红一样，电影中的人物也会因此而得到广泛的知名度：《洛奇》中的洛奇 巴尔博、《第一滴血》中的约翰 兰博、《夺宝奇兵》中的印第安纳 琼斯......除了人类，像《终结者》中的T—800也是我们追捧的对象.多亏了史泰龙、哈里森 福特、斯瓦辛格让这些不存在的人物瞬间活了起来.当然少不了布鲁斯 威利斯的《虎胆龙威》系列，迈克兰警官也成为了美国人心目中的平民英雄. 


    要说和老美最亲切的非迈克兰莫属，因为他的形象最贴近平民的标准，而他的能力也很有限，碰到强敌满口的脏话，配合着特有的幽默感，让人倍感亲切.而像《第一滴血》里的孤胆英雄、《夺宝奇兵》里的考古学家、《终结者》里的未来机器人就使人觉得脱离现实社会.


    总之，回来固然好，但要保质保量，又有前三部的珠玉在前，想要超越或保持都是难事.幸亏《虎胆龙威4》没有让我们失望，老布也找回了年轻时的感觉.不得不提的是为这次《虎胆龙威4》掌舵的特效狂人朗 怀斯曼（在他指导的《黑夜传说》中可见一斑），火爆的场面不亚于今夏的三巨头《变形金刚》、〈蜘蛛侠3〉、〈加勒比海盗3〉. 


    影片一开始，高智商的恐怖分子利用美国安全局网络系统的漏洞，想要瘫痪美国政府.拯救美国的大任落到了一个反黑客奇才马特身上，由退休了的迈克兰负责送往华盛顿.没想到敌人早已洞悉马特的身份，当天晚上派了一小队人马去杀人灭口，年迈的迈克兰警官可有的忙了.对付手持重型枪械的恐怖分子，老迈早已有自己的一套“方法”：又是放倒冰箱又是扔消防罐.好不容易捡了条命回来. 


    接下来是本片的高潮之一：隧道追逐战.由于敌人派来了直升机前来伺候迈克兰，老迈只有乖乖被打的份.很快，隧道中挤满了车，连环撞车场面上演.突然一辆车在空中翻转了十来圈砸向两辆汽车，迈克兰和马特刚好夹在中间躲过一劫.紧接着，迈克兰坐上一辆警车疯狂地向隧道外的直升机冲去，对方拼命地开枪阻止.只见警车冲出隧道与直升机迎头相撞.直升机上的驾驶员居然跳出机舱，这个场景惊艳异常，显然比以往的动作片里单纯展示远景的爆炸更富视觉冲击力.这两火爆场面新颖、刺激，体现了怀斯曼的强硬作风（可与迈克尔 贝一较高下）. 


    隧道里尝到的甜头只是开胃菜，接着是本片的高潮之二：老迈与Miggle Q的对打以及车坠电梯更是夺人眼球.Miggle Q一身的中国功夫，打起来英姿飒爽，老迈连连败退.人虽老但力气还在，倒是成功地反击了几次.最后打不过人家只好开车来撞（迈克兰做事向来不按理出牌）.车子撞到人直接坠下电梯，千钧一发之际，老迈抓住了车门把手，拼命地爬了上去，还顺便揍了Miggle Q一拳（爽！），之后就是车毁人（Miggle Q）亡.迈克兰又捡了条命回来. 


    再是本片的高潮之三：卡车大战战斗机.狡猾的敌人在捉到迈克兰女儿和马特落跑时居然叫了架战斗机来招呼迈克兰（这回可惨了）.战斗机不断地发射导弹向迈克兰飞奔而来，结果连桥都被炸成了两段，老迈在跳车逃命的同时顺便爆炸了战斗机（强人），这已经是迈克兰第N次与死神擦肩而过了，命可真够硬的.影片结局老迈救出女儿和马特，破了恐怖分子的阴谋（大团圆收场）. 


    老布在本集中的表现异常英勇，甚至可以和他的全盛时期相媲美.不过老布最近的演艺事业一直走下坡路，以警察形象出现的〈16街区〉完全可以看出已显老态的布鲁斯 威利斯，转型作绅士的《完美陌生人》，却给了我们一个定义：影帝（老布）+影后（海莉 贝瑞）=烂片.〈虎胆龙威〉系列能救老布一次，总不能救一辈子，希望老布尽快找到适合自己的路，毕竟一直打下去不太靠谱了.


    华人女星Miggle Q风头正劲，无论是风情万种的性感女性或是强悍异常的打女都是手到擒来，接连在商业大制作〈谍中谍3〉、〈虎胆龙威4〉中担任重要角色已为她积累了不少人气.至于贾斯丁 朗释演的马特一角似乎不太讨喜，他的胆小怕事与迈克兰的英勇无畏形成鲜明对比. 


    总的来说〈虎胆龙威4〉是一次完美的回归.  

   


</影评>
<有用数>12</有用数>
<没用数>1</没用数>
</review>
<review>
<作者>小斑</作者>
<作者评分>4</作者评分>
<时间>2007-07-07 09:26:58</时间>
<影评>
        這個系列的電影是“美式超級無敵英雄養成”的典範。


第一集是Die Hard，John Mclane同學當時還只是一枚小小的警員，長得還算平頭整臉，但是脾氣暴躁，智商一般，情商負數，導致事業不順，愛情不成。一沒有緊身紅藍制服，二沒有44D胸肌，橫豎看不像英雄的樣子，卻只身端掉了一伙劫匪。


震動一時。


大家都喜歡看灰姑娘變成公主的過程。於是Mclane同學再接再厲，這回“以下犯上”，冒犯的對象只逼五角大樓，坐駕也出動到飛機，可謂Die very hard.


第三部裡，Mclane同學的活動範圍再次擴大，塑造了不死形象,Hardly Die.


到了第四集，Bruce Willis同學大約是要收山了，於是超級無敵英雄終於養成，譜寫了以一輛卡車硬抗F-35，一天之內不吃不喝，連滾帶摔KO掉美國前國家安全局高層的輝煌紀錄，如果這是有人問我誰可以打敗超人，我會毫不猶豫地提名Mclane警員....不對，人家現在可是警長了。Die Impossible。


灰姑娘嫁進了城堡，happy ending.


第四集的“爆點”還是挺多的，撞車肉搏，槍林彈雨，高尖科技，都配套齊全了，要是以一部美式槍戰片的角度來說可謂精彩。但是要和剛剛開始發現自己很難死的年輕的Mclane來比，就不得不讓人感嘆，這個地球上又少了一個正常人類啊。


Mclane同學最大的特點在什麼——野蠻的人性。自從Die Hard開始，他就是靠一種粗糙的強硬的蠻力生存在這個世界上的，換句話說也就是本應是西部片的警長卻生錯在現代化的紐約，所以跟人群格格不入。而在第一集裡，在一個封閉的空間裡，失去了現代化的通信工具，這只困獸憑借著天性裡野蠻的求生本能，成功反咬了獵人一口。


這是腎上腺素ＶＳ電腦的勝利，平民ＶＳ官僚的吶喊，鐵漢ＶＳ柔情的浪漫，拳頭ＶＳ智商的暴力。


封閉無助的環境，失效無用的裝備，傲慢官僚的阻撓，硬漢偶爾的柔情，人類原始的野蠻和智力超群的對手，正是Mclane同學能在一眾英雄之中脫穎而出，一不死再不死的原因。當這一切條件都失去時，這個地球上就少了一個有缺點的英雄，美國就多了一個不穿緊身制服的超人。


PS:Maggie Q同學的身材真是讓人口水啊。另外我對電影中的那個“蜘蛛人”非常感興趣。
      </影评>
<有用数>9</有用数>
<没用数>4</没用数>
</review>
<review>
<作者>眼神</作者>
<作者评分>4</作者评分>
<时间>2008-03-17 02:53:57</时间>
<影评>
        或许很多人都忘了第一部是什么时候上映的了，（1988年）不过没关系，这部依旧很棒，作为老片新续的典型，Live free or Die hard 没有毁掉之前的声誉。


回到电影

情节：一个很不错的想法，现代美国已经从一个车轮上的国家转为一个网络上的国家，他们自在的享受着科技带来的一切，更少的人工监控，更智能的系统。

于是，打击美国人的最好方式就从他们的基础入手。又是在一个独立日，当网络出问题的时候，老美就回到了Stone Age.  相信这部电影对拉登们和FbI们都有启发，也就看谁动作更快了。

PS：老美总是把自己人说的很菜，可怜的FBI和NSA总是很丢脸，但是可信。

 

Hacker 在这部片子里面是一个重要道具，就像警察手中的枪一样，但他们不是主角。护犊的老帅哥用肌肉和顽强告诉他们，抢劫想要成功，不光要靠高智商，还要有点体力，不然还是差一点成功。 


功夫：亚洲mm的功夫很棒，可惜 走的太快，还真的 居然就over了，编剧估计不想再在片子里面有太多死不了的强人。另一个猴子兄弟，为了得到那份报酬，跳来跳去，终究还是一场空。不是你的，别勉强要，特别是抢劫的时候，要专业！ 






内容挺充实，很多地方可以展开再续，亲情依旧是最重要的

结尾很光明，过程很酷酷，mm杀手很可惜，英雄很平民，而亲情 永远是最重要的，


看完了 喘口气吧... 


That's all....



</影评>
<有用数>6</有用数>
<没用数>0</没用数>
</review>
</reviews>
</movie>
