<?xml version="1.0" encoding="UTF-8"?>
<movie>
<电影名>狮子王 The Lion King</电影名>
<年份>1994</年份>
<评分>9.1</评分>
<封面>https://img9.doubanio.com/view/photo/s_ratio_poster/public/p2896590826.jpg</封面>
<导演>罗杰·阿勒斯 / 罗伯·明可夫</导演>
<演员>乔纳森·泰勒·托马斯 / 马修·布罗德里克 / 杰瑞米·艾恩斯 / 詹姆斯·厄尔·琼斯 / 莫伊拉·凯利 / 内森·连恩 / 尼基塔·卡兰姆 / 埃林·萨贝拉 / 乌比·戈德堡 / 罗温·艾金森</演员>
<简介>辛巴是狮子王国的小王子，他的父亲穆法沙是一个威严的国王。然而叔叔刀疤却对穆法沙的王位觊觎已久。
                                    
                                　　要想坐上王位宝座，刀疤必须除去小王子。于是，刀疤利用种种借口让辛巴外出，然后伺机大开杀戒，无奈被穆法沙即时来救。在反复的算计下，穆法沙惨死在刀疤手下，刀疤别有用心的劝辛巴离开，一方面派人将他赶尽杀绝。
                                    
                                　　辛巴逃亡中遇到了机智的丁满和善良的彭彭，他们抚养辛巴长成雄壮的大狮子，鼓励他回去森林复国。在接下来一场复国救民的斗争中，辛巴真正长成一个坚强的男子汉，领会了责任的真谛。</简介>
<reviews>
<review>
<作者>五乔</作者>
<作者评分>5</作者评分>
<时间>2014-04-25 09:00:37</时间>
<影评>
        1989至1999的十年，被称作迪士尼的“文艺复兴”时期，这一时期的迪士尼不仅走出了之前的票房阴霾，更重要的是复兴了迪士尼本人对动画长片的理解：动画电影不仅仅是拍给小孩子看的作品、而应当同样适合成年人欣赏。1994年上映的《狮子王》可以说是迪士尼史上最严肃的作品。剥去其轻松的喜剧元素，脱去其音乐剧的热闹外衣，《狮子王》的内核是一个古老而严肃的主线故事。影评人Roger Ebert甚至称之“过于残酷而不适合年轻的小朋友观看”。


《狮子王》虽号称迪士尼第一部原创剧本作品，其故事中对《哈姆雷特》的借鉴却是显而易见的，创作团队也坦言小狮王辛巴的生命历险是受莎翁戏剧、古希腊神话甚至圣经故事启发。片中三个主要角色：老狮王木法沙，小狮王辛巴，老狮王的弟弟刀疤，都是《哈姆雷特》中角色的直接替换。辛巴和哈姆雷特一样，都“延误”了他们的复仇。关于哈姆雷特为什么对复仇行动犹豫不决、瞻前顾后，西方学者几百年来已经从文学、哲学、心理学等各方方面面给出了解读。尤其是到了二十世纪，深受弗洛伊德心理学派的影响，特别重视解读行为背后的心理动机，这一点深深影响了后世的文学和影视创作。在莎士比亚所处的时代，戏剧更强调人物的行为，而不注重角色塑造；莎士比亚超越时代的天才，也体现在他的剧作中通过大量的独白，使观众看到的不仅仅是角色的行为，更看到了他们的心理活动与动机。这一点非常符合现代影视的创作原则。针对哈姆雷特的复仇拖延症问题，《狮子王》中对于辛巴的行为给出了简单清晰却又十分合理的心理解读：刀疤设计害死了木法沙，却让辛巴误认为是自己的过失害死了父亲，进而由于愧疚感而自行放逐，在逃避责任中长大成人。这样的改编使《狮子王》的故事比莎翁原著还要更加合理通畅。


1942年迪士尼动画《小鹿斑比》中斑比的母亲被猎人猎杀的一幕，曾被评为美国人记忆中最悲伤的电影时刻；而本片中老狮王木法沙被刀疤设计害死，无疑成为了新一代美国人的“童年阴影”。虽然影片后半程木法沙以”鬼魂“的形式重现（一处对《哈姆雷特》中老哈姆雷特鬼魂的明确改编）弱化了死亡的悲剧效果，但仍可看出《狮子王》主题出人意料的严肃。影片小心地将诸如“弑君”、“死亡”、”欺骗“这些复杂的成人概念用尽量无害的方式展现了出来。编剧笔调精准的将迪士尼善恶分明的是非观编织进《哈姆雷特》复杂的人性故事中。辛巴的故事重心不是“复仇”而是“责任”与“成长”。最终辛巴虽然战胜了刀疤，却没有像哈姆雷特一样亲手杀掉篡位的叔叔——否则将使辛巴沦为杀人犯——刀疤最终是因为自己的不义而被手下的一群土狼夺去了性命。不同于《白雪公主》、《灰姑娘》等注定是以喜剧收场的故事，狮子王的故事仍然是建立在沉重而古老的“复仇”主题之上。即使辛巴最终战胜了刀疤夺回了王位，仍然无法掩盖骨肉相争的残酷事实，荣耀石的再度繁荣，是建立在杀戮与反杀戮的基础上。这使得电影的结局与其余迪士尼经典的大团圆结局有所区别：片尾处辛巴在悲壮的音乐中，迈着沉重的步子登上雨中的荣耀石，继承了已是满目疮痍的国家，便是这种缺憾式圆满结局的表达。


在这层古希腊悲剧式的主线之上，影片还交织着诸多微妙主题。由片头音乐《生生不息》引出的关于生命轮回的哲学，借着老狮王木法沙之口讲给了小辛巴，也讲给了银幕前的小观众们。本片题目中的《狮子王》仅仅是一个头衔，可以指木法沙，也可以指辛巴，甚至可以指代刀疤，他们都是这个非洲草原上曾经的狮子王。历史就在这一代又一代的君王更替中前进，就如历史中一代又一代人对《哈姆雷特》的重新解读。其实《狮子王》对《哈姆雷特》故事的重述本身就体现着生命的轮回。


经典之所以成为经典，很大程度上源自这些经典的故事模式符合人类历史发展，也符合人类本性。反过来，这些经典又在人们一次次的口耳相传中塑造了人们的心理预期：人们习惯了故事的结尾处正义战胜邪恶、公主遇见王子、王子夺回王位......历史就在这样无数遍的重述与改编、夸大与想象中成为经典。其实纵观电影史，那些最受观众追捧的电影，往往都有这样一个路人皆知的经典故事模式做底子。


虽然当年《狮子王》创造的票房神话被后来崛起的3D动画诸如《冰雪奇缘》刷新，但是《狮子王》完美又不失真实性的动画风格，情感丰富的音乐与百老汇风格的大场面歌舞，严肃话题与轻松桥段的平衡，最关键的，其磅礴的史诗气质以及关于人类永恒话题的讲述，都使其成为西方动画历史上的一座丰碑，也是笔者心中绝对的迪士尼动画No.1.
      </影评>
<有用数>821</有用数>
<没用数>21</没用数>
</review>
<review>
<作者>黑左。</作者>
<作者评分>5</作者评分>
<时间>2005-10-26 16:05:21</时间>
<影评>
        这样说吧

没有lion king

我就不会去买电影的ost

没买这部ost 我就不会收藏Disney的所有ost

没有收藏disney的ost 我就不会留意所有主题曲的歌手

也就不会去买Elton John\Cline Dion\John Secada的唱片

也就不会接触欧美流行

也就不会上摇滚的贼船

也就不会知道音乐是一门艺术

也就不会更努力的去接触文字的艺术

也就不会看更多的书不会去听更多的音乐

也就不会再回到电影的怀抱做影迷


我的生活 完全被这一部电影折转了 颠覆了 拯救了 

这不是很奇妙么？
      </影评>
<有用数>696</有用数>
<没用数>90</没用数>
</review>
<review>
<作者>FF</作者>
<作者评分>5</作者评分>
<时间>2011-09-18 18:52:38</时间>
<影评>
        什么3D重制、什么特别展映，其实都只是迪斯尼时隔十七年之后老片回笼再骗钱的手段而已。效果如何？Damn it，everybody's so friggin' happy.


今天去看的是五点半的那场，结果AMC最大的一个厅基本坐满。“It's a small world after all”: 有白发苍苍的老人，有手牵着手的年轻情侣，当然更多的还是兴高采烈的一家几口，各种种族、肤色、年龄的小孩子尖叫着在场内呼朋唤友、窜上跳下，父母们手里捧着大包的爆米花、糖果和巧克力在一旁聊天。有些年轻的父母看起来格外兴奋，也许十七年前他们的父母也领着他们去电影院里看过这部片的，现在轮到他们带着自己的孩子领略当年的感动了。Well, it's the Circle of Life, and it moves us all. 瞧，多省事，攒广告词的计划书都省了。


这部片子对美国，乃至世界文化的影响估计写一篇博士论文也不见得说得明白，所以关于影片本身的唧唧歪歪可以略过——美国人对这片子是该有多熟悉啊，再加上本来今天孩子多顾忌少，故而只要刀疤叔叔一张口，无数个Jeremy Irons就会从影院各个角落雨后春笋般地冒出来，让人憋笑憋得好辛苦；多少人演了多少版的Claudius，还没有一个的影响力能超过Irons爷的狮子版，——而且，除了实打实真看莎士比亚的呆子，谁认识Claudius是哪根葱：“咦，哈姆雷特么？……我只看过狮子王。”在Be Prepare响起的时候因为一个该死的教授视频毫无悬念地笑了场，旁边坐着的小男孩隔过他温和健壮的爸爸鄙视地朝我看。Com'n now, kiddo. You'll get there, you will.


该笑的地方还是笑了，该哭的地方也还是哭了。这片子引进中国的时候大概是95年，也就是说我16年里一点都没长进，真是抱歉得很。大概我永远也不会有那样的自制力，当无助的小辛巴流着泪钻进死去父亲的怀里时还能保持冷静，或者在王子大战篡位者的时候能忍住不握起拳头在心里和他一起大吼“Murderer!”不过看到丁满和蓬蓬的时候终于还是多了一个笑点：you want proof of how gay parents can also raise awesome children? Allow me to introduce Timon, Pumbaa and their adopted son Simba.


其实这对我来说，也是个奇妙的第一次——这是我第一次在大银幕上看到原声的狮子王，多掏了五块钱的ETX让本就牛逼的配音卡司杀伤力更上一个档次，让人刹那间反社会一般觉得现在动画片的配音都弱爆了：想想看，狮子王里不光每个人的声音都棒极了美透了，你还能听到Jeremy Irons引吭高歌、Rowan Atkinson荒腔走板、以及Nathan Lane和Matthew Broderick托尼奖级别的献唱，现在大家配个音都是哼哼几声拿钱走人，哪还有再花时间花精力录张唱片的心情。不光如此，其实关于狮子王的一切，都只能作为传奇留在电影史上，再没有哪部动画能在经济、文化、社会影响力上攀登到与之齐平的高度，也再没有哪部动画能在一代人的心里烙下如此深刻的烙印，以至于他们愿意十几年后带着孩子再一次走进电影院，掏出比十几年前坑爹数倍的电影票钱。——电影和观众的关系其实像是周瑜打黄盖，一个愿打，一个愿挨，而现在可惜的是黄盖依然很多，周瑜却太少了。


其实今天最感动我的还是坐在我身边的父子俩。开场前爸爸手里稳稳捏着一包M&M，小儿子眼巴巴地盯着要吃，爸爸耐心地劝导说一定要等到开场后。于是整个预告片时段在奶声奶气的“要开始了吗？下一个就开始了吧！”中度过，电影终于开场、小儿子如愿以偿吃到巧克力之后爸爸开始不老实地跟刀疤叔叔抢台词，我在一旁乐得要爆炸，为了憋笑直咬自己的腮帮子。而当影片演到小辛巴依偎在死去的木法沙怀里的时候，我旁边的爸爸弯下身去，用双手紧紧地抱住了小儿子，吻着儿子的额头，我当时眼泪刷的一下就下来了。也许有的时候不是我们看不到天使，而是我们太不善于发现感动。


总之，狮子王不光能让我们回到童年一次，还能让我们重新成长一次。所以，不管3D不3D的，如果有机会，劝诸位还是去看看吧。哪怕只是问候一下十六年前的自己，也是好的。
      </影评>
<有用数>458</有用数>
<没用数>18</没用数>
</review>
<review>
<作者>痞子笛🌈</作者>
<作者评分>5</作者评分>
<时间>2005-07-25 11:23:29</时间>
<影评>
        就是木法沙站在吉祥石上很威严的看着脚下的王国，这时候乌鸦飞过来向他请安，他温暖的向乌鸦点头。


我一直认为这是一个男人最温情的时刻
      </影评>
<有用数>249</有用数>
<没用数>15</没用数>
</review>
<review>
<作者>时间地理学家</作者>
<作者评分>5</作者评分>
<时间>2011-09-23 12:50:06</时间>
<影评>
        1995年，我10岁，上小学三年级，当上了班里唯一的大队委，爱好是集邮，打乒乓球，画画和看动画片。


那个时候成都的交通还很通畅，大人们骑着自行车在都市的逆流里通勤；钟水饺还五毛钱一碗，没有各色诡异的配餐；劣质服装的集散地不是九龙广场而是商业场，穿过低矮阴湿的隧道可以通到一片喧嚣的春熙路；体育场附近还有一座叫未来号天桥的奇异建筑，天桥的楼梯像八爪鱼肆意的伸展到人行道上；KFC在成都开了第一家，周末排队的小孩人满为患。


然后我坐着父亲的红色嘉陵摩托车，路过了建设北路上的工人电影院。我依稀记得影院是一幢浅黄色的长方体建筑，像极了小学课本中的人民大会堂。也许事实上影院并非那么雄伟辉煌，只是儿时的记忆把物体都极尽放大。


影院门口，在一片红男绿女的声色犬马中，挂着《狮子王》的大幅海报。于是，我在电影院看了生平第一场动画长片。


电影的情节和印象当时已然淡忘。唯一记得的是八元的票价，和小狮子辛巴操着一口港台味十足的普通话。


然后，时光就像模糊的片段浑浑噩噩的流过了十六年。


我的轨迹就像很多俗不可耐的电视情节一样，流淌着狗血的情节。从一个小地方飞到了大城市，遇到了各色人群，学会了穿着打扮，从对任何人都推心置腹变得心怀城府，然后恋爱，分离，受伤，等待。


2009年，成都的交通已经堵成了一团，原来从南到北坐公交车一小时的路程打的可以耗上两个小时；钟水饺已经涨到了五元一碗，开了N家分店，可以选择几十元一份的套餐，而味道已经与回忆中渐行渐远；各种国外品牌进驻了商业中心，原来几十元的羽绒衫可以卖到两千元；未来号天桥早已灰飞烟灭；洋快餐在大街小巷偏地开花。


工人电影院如同中国众多国企的命运一样，破产，并购，拍卖，推倒，原地建起了八千一平的商住楼，楼下的火锅店热气朝天。


2009年，我24岁，来到美国，和一群酗酒的美国学生住在一所老房子里，爱好是打PS3，做饭，上网和看X片。


而我总是有一种错觉，觉得在国内的一片喧嚣中，时间总是过得肆意的慢，回忆像慢镜头在各种场景中定格；而美国的生活总是一晃而过，因为千篇一律的节奏中，仿佛刚过的昨天就是两年中的任何一天。


当某个人离开你生命的时候，生活便失去了波澜和心跳，恍惚中，时光就悄然漂走了。


在午后的某个街角，我看到了《Lion King》的海报，脑中的某根神经像被拨动了般，神经质的买了票。同样的八元，不过是美元。然后突然发现漆黑偌大的穹顶下面只有我一人。


朝阳从地平线上升起，草场在近若咫尺的眼前晃动，飞鸟掠过草原，猕猴举起了辛巴。然后辛巴用陌生而又熟悉的口吻叫着：Dandy, Dandy...


在十六年后的同一片星空下，木法沙和辛巴依偎在草原上，探讨着生命的意义。突然之间，记忆像流水般从紧闭的阀门中流窜开来，闪回的片段从身旁飞速掠过，孩提时模糊的画面突然异常清晰。在这一个人的电影院中，我突然模糊了双眼。


生命是一场轮回，时间是轮回中沙漏。


这不仅是一场电影，更是一段回忆。


那些模糊的只言片语，总有一天会被解密。


那段尘封在隅落中的记忆，总有一天会被开启。


那些不再熟悉的名字，总有一天会被记起。


总有一天，在某个下过雨的黄昏，那个人会和你在街角偶遇。
      </影评>
<有用数>119</有用数>
<没用数>5</没用数>
</review>
<review>
<作者>芝麻蛋老妈</作者>
<作者评分>4</作者评分>
<时间>2017-06-14 00:15:13</时间>
<影评>
        满满的感动，想起小时候租碟看，一晃这么多年过去了！


以前我们玩耍，觉得最洋气的就是！！几个小朋友！！一起坐着一个小板凳看着狮子王！！辛巴和梅花鹿！还有好多伙伴们！一起战斗的场景！友谊！！


以后最想让孩子看的动画片就是狮子王！！也可以让他学到，任何事情，属于自己的就要拿回，不要惧怕，敢于挑战！！！千言万语道不尽！都是感动！人生就一次！


而且歌也超级好听，现在只要音乐响起，这浑身鸡皮疙瘩都起来了。
      </影评>
<有用数>51</有用数>
<没用数>3</没用数>
</review>
<review>
<作者>沙恭达罗</作者>
<作者评分>5</作者评分>
<时间>2005-11-02 23:31:53</时间>
<影评>
        还记得在LOIN KING的原声带的第一页写着,LOVE, RESPOSIBILITY,KNOWING WHO YOU ARE AND TAKING YOUR PALCE IN THE CIRCLE OF LIFE.

很多年过去了,我还清楚的记得那些字圆润的字体和作为背景的乞立马扎罗山白雪皑皑的山峰．这几句话让感动至今．很喜欢看到辛巴慢慢的登上荣耀石，雨水冲走了残骨，草原又是一片新的天地．那时的音乐犹如绝响，那时的辛巴高傲而又威严.
      </影评>
<有用数>57</有用数>
<没用数>4</没用数>
</review>
<review>
<作者>沙与鸟</作者>
<作者评分>5</作者评分>
<时间>2018-05-17 08:10:34</时间>
<影评>

《狮子王》是一部可以伴随着人成长的电影，它给人带来的感动，回味是深刻而长久的。第一次看它就哭了两次，一次是穆法沙死去辛巴绝望的呼喊，一次是影片结尾辛巴重新站在荣耀岩上，万物复苏。 故事的背景选在了充满生命力的非洲大草原上，壮美的草原把爱、责任、成长、生命轮回这些具有深远意义的主题烘托成了一部宏大的史诗，展示了一个新生的壮阔世界，让我们体验到爱与冒险的生命感动。这种内涵超越了任何文化和国度，因为人类无法改变自然规律，而爱则是人类永远追求的情感。 之所以说这是一部伴随着人成长的电影，是因为从影片中我们能看到自己的成长。就像主人公辛巴一样，幼年无忧无虑，调皮而勇敢，昂头高唱“i will be lion king”。

</影评>
<有用数>68</有用数>
<没用数>2</没用数>
</review>
<review>
<作者>不要不开心哦</作者>
<作者评分>4</作者评分>
<时间>2017-05-07 19:52:30</时间>
<影评>

　在动画的历史上，《狮子王》堪称一部史诗巨作，它的一切所带给我的思考是难以忘怀与忽略的。《狮子王》1994年6月24日在美国上映，以其活泼可爱的卡通形象、震撼人心的壮丽场景、感人至深的优美音乐，以及其所描述的爱情与责任的故事内容，深深的打动了许多人。该电影不仅创造了票房上的巨大成功，也使我们对动画电影产生了新的定义。在95年的第67届奥斯卡颁奖晚会上，《狮子王》荣获最佳电影配乐及最佳电影原作歌曲两项大奖。

　《狮子王》最早的名字是《丛林之王》，影片描述的是非洲大草原的动物王国的生活，实际上它的主题超越任何文化和国界，具有深刻的内涵——生命的轮回、万物的盛衰，一切都必须依照自然规律。爱、成长、生命、自我救赎这类有深远意义的感性主题，在色彩鲜艳耀眼的非洲缀锦上，如同金子般散发出亮丽的永恒光彩。

 　对于现在电影所表达的内容深度之薄弱无力，在动画界里，我觉得该电影却在此方面达到前所未有的高峰。据说，《狮子王》上映的时候，几乎达到万人空巷的地步，其轰动程度令其他电影公司望洋兴叹，它给动画世界带珲的效应为以后的美国动画留下了深远的影响。它之所以能够取得如此惊人的成绩，除了以上提到的场景、音乐、故事情节等因素的完美安排外，更多的正是其内容所揭示的深刻的人性问题与生命规律的思考的原因。

　动画不仅必须给人以场景印象的审美体验，听觉上的愉悦享受，而且心灵上的震撼更是一个重要的环节。

 　记得当时对这部电影的着迷的原因，起初就是那些角色的形象之可爱生动吸引了我的注意力，其后背静音乐的悠扬与充满生命气息的氛围把我的注意力推向了新的层次，最后当故事结束，整部电影所表达的意义更让我肯定了对一部电影所应该注意的地方应该在意义层面上。单纯只有“声”“色”的精彩是远远不够的，即使它能给你这两个层面的愉快体验，但是在你脑里最多只会残留零碎而单薄的画面与音乐氛围印象，也许不用经历多久，故事情节也淡忘了，在脑海里所剩余的不过是飘渺的“残像”而不是一个完整而有生命力的形象。

近年的国内电影，无论题材还是演员的演技都仿佛走进了瓶颈期，当然也不乏佳作面世，但这已是题外话。为求达到票房的收益，为迎合时尚的趋势，导演们都热衷于开拍观众所喜欢的搞笑片，动作片等题材的电影，好象也顾及不到自己真正想拍的题材，甚至属于电影难题的“巨大制作”的宫廷古装电影也不断登上荧幕。就如2006年末的《满城尽带黄金甲》，一时声势浩大得街知巷闻。电影以其鲜艳夺目的场景布置与人物服饰的华丽成为了众人所关注的焦点，但是在这出众的焦点之外却甚少有媒体对其故事本质作出很好的评价，相反地人们纷纷只关注这个焦点，反响有的别扭，有的讽刺，甚至连电影的名字也被改得千奇百怪。当热潮过后，人们不仅不关注其故事的内容意义，而且连焦点也成了飘散的飞烟，这足以证明电影的魅力单纯依靠声色的精彩是无法取得人们真正的喜爱之情。此外， 梅尔吉布森所执导的《勇敢的心》中主角威廉华莱士以其正义的精神与勇敢的斗志深入人心，看过该片的观众都不会忘记这个高呼“自由”的民族英雄的伟大形象。在刀光剑影铁血争战中，缠绵着温柔的爱情主题，让人体会到英雄传说的荡气回肠的铁血柔情。这也很确切地反映了电影所流露的意义深度可以使人的印象到达一个新的高峰，尽管我们忘记了人物的面孔，但是那种精神与气质却是心灵难以磨灭的。

　如若从这三方面来看待《狮子王》，这些足以表达电影自身魅力所在。正是三者的和谐把握能够让电影得到实在与灵性上充实。相信好电影也一定无法离开这三者的判断标准。当然，我更希望看到有更多新鲜的表达方式超脱这些标准，另立动画电影的熬头。

除了电影自身所散发的独特气息之外，电影之外也触及更多关于人性思考方面的问题，从电影的角色里得到了深刻的体会。

　辛巴作为主角，天性顽皮，然而在以后的成长历程里却给他带来了身心的巨大变化。儿时受到叔叔刀疤的欺骗与仇恨因单纯而丝毫没有察觉他复杂的野心，背负“杀父”的罪名而流浪漂泊；在身心疲惫的时候友情的来临给他以新生的希望与活力，在与丁满和彭彭的开解下体会了生命的快乐与友情的珍贵；而一次与儿时同伴娜娜的再遇，得知叔叔刀疤的恶行后变得勇敢而成熟；最后与刀疤的决战里更体现出那份王者风范……这一切的经历中我仿佛也看到了自己，从单纯幼稚向成熟自信转变，所经历的事情都有着相同之处。如果人不受欺骗，根本无法了解被骗的愤怒；如果不经历流浪的艰辛，又何以知道友情所带的温情的珍贵；如果不经历命运的挣扎，谁能够证明自己潜在的能力？我能自然地与他的　生命产生共鸣，也许人生需要的就是那么一点成长的挫折与颠簸，只有这样我们才懂得成长的重要性与生命的特别意义。

　辛巴的父亲木法沙以其绝对正义的形象定格于屏幕，他世故练达，了解弟弟的野心，用尽一切可能去保护自己的国土与家人，给人以模范国王的印象。即使在遇害后灵魂依然不灭，在辛巴迷惘的时候充当了一盏明灯为其指点迷津。人经历了纷繁复杂的世界，保留自己心中的正义原则才可以立足于社会，尽管我们没有他的国王风范，但是精神却是可以学习体会。

　与父子二人性格形成反差的刀疤，从面目里深深渗透着一种阴恨的性情，无时无刻都是阴谋诡计，为求得到王位不择手段，从他陷害哥哥和暗杀辛巴的事情里彻底失去了血性，是一个典型的野心份子。从他身上我看到了悲惨的结局，历史上像他一样的的人物多不胜熟，但是又多少可以坐享皇图霸业？我想起了电影《东方不败》中的主角，他以自宫的代价为求练就葵花宝典一统天下，但是最后却惨败在感情的头上，令狐冲那首诗终究无法让他放开一切。“皇图霸业谈笑中，不胜人生一场醉。”或者醉了就不会如斯惨烈，但是野心的存在无法让他走出桎梏。这里的刀疤，命运也是如此。野心不能太多，一旦过分地泛滥，生命只会充满阻碍与惨烈。

　电影里的角色还有很多，在丁满与彭彭的角色里我也体会到他们那乐观的精神，三只土狼的邪恶本性也表露无遗，每个角色都有着不同的人性问题的思考所在，这里不一一列举。

 

</影评>
<有用数>40</有用数>
<没用数>3</没用数>
</review>
<review>
<作者>阿奶不摔跤</作者>
<作者评分>5</作者评分>
<时间>2018-03-07 22:46:05</时间>
<影评>

“欲戴王冠，必承其重”
当王子的复仇记《哈姆雷特》用另一个方式打开时，别有一番韵味。
最喜欢的还是那句“阳光能照到的地方，都是我们的国土。”自信又尊重每一个生命的木法沙，是辛巴成长的榜样。
很喜欢木法沙对鸟儿说的早安，很喜欢彭彭和丁满的无厘头，很喜欢辛巴慢慢的成熟，很喜欢辛巴的担当。欲戴王冠，必承其重。小辛巴失去了疼爱他的父亲，失去了本该属于他的国家，离开了亲爱的母亲和多年的朋友。他承受着本不该属于他的痛苦，可也正是这些痛苦，他才能更好的理解一个真正的国王应该干什么。
想要有一番成就，总得付出点代价，拿出自己的本领。
最后送给每一个正在奋战的人
When the world turns its back on you, you turn your back on the world. 如果这个世界对你不理不睬，你也可以这样对待它。

</影评>
<有用数>45</有用数>
<没用数>1</没用数>
</review>
</reviews>
</movie>
