<?xml version="1.0" encoding="UTF-8"?>
<movie>
<电影名>虹猫蓝兔火凤凰</电影名>
<年份>2010</年份>
<评分>7.6</评分>
<封面>https://img9.doubanio.com/view/photo/s_ratio_poster/public/p1365114936.jpg</封面>
<导演>贺梦凡 / 罗沐 / 许龙</导演>
<演员>谢娜 / 何炅 / 杜海涛 / 吴昕 / 李维嘉 / 袁慧敏 / 王娜 / 刘娟 / 张怀武</演员>
<简介>作恶多端的黑龙被封印在深不可测的天音湖中，每隔五百年便要举行凤凰大典，利用凤凰的叫声加固封印。有一个五百年如期而至，谁知在典礼进行的途中发生了意外，凤凰孵化失败，黑龙挣脱了束缚重返人间，世界陷入了水深火热之中。
                                    
                                　　想要再度封印黑龙，必须前往天音谷寻找七件神器，它们共同吹奏出的乐曲能够催化凤凰蛋。不幸的是，虹猫（谢娜 配音）沉睡在天音湖底，无奈之中，蓝兔（袁慧敏 配音）只得独自和天音大师（张怀武 配音）踏上了寻找神器的旅途。途中，两人遇见了魔术师小狸（谢娜 配音），小狸于无意之中展现出了神奇的能力，成为了行动中不可缺少的重要环节。</简介>
<reviews>
<review>
<作者>xiaodingdang</作者>
<作者评分>5</作者评分>
<时间>2010-02-16 16:02:59</时间>
<影评>
        说实话,和应为武打片的锦衣卫相比,这部虹猫蓝兔,作为国产动画片,已经相当出彩了,锦衣卫可以说让我大失所望,而这部电影,却让我重新燃起了对国产动画的期望!


从小到大,国产动画没有少看,小蝌蚪找妈妈,黑猫警长,三毛流浪记,为什么当时没有人批评国产动画?为什么现在的人要说当时的国产动画是现在中国动画产业的瑰宝???难道是因为敞开大门让国外动画走进来后发现自家的东西和别人没法比而自惭形愧?所以要拿以前的来比???


以前的东西和现在的东西却又怎么比???


锦衣卫和这部都是单位发的票,锦衣卫只可以领2张,而虹猫可以领5张,然后邀请同学去看，同学的反映是,这是一部奇戆无比的动画片,你们单位怎么这个口味,为什么不发柯南?所以,5张电影票送也送不掉,都没有人要看,连小孩子都不要看,所以我只能带着俺老娘老爹进了电影院.


电影院人很少,加起来不超过15个,都是小孩子,很小的那种,5岁,和他们的父母. 我真的没有抱希望.但是不得不承认,看的过程中,真的是惊叹,印象中的国产动画,进步非常大,根本没有我们所说的那么糟糕.那些动画效果,非常逼真,特别是看虹猫斗恶龙的那段,旋涡的画面,感觉身临其境,非常得不舒服,没有安全感,那种画面强烈的效果,已经把旋涡的恐惧感传达了出来,可以说,早已经超过了一般动画的效果!


看的时候,后面有几个小朋友,一直在那边笑,很开心很纯真的那种笑声,感觉把自己带回了童年，于是我也跟着一起开心地放怀地笑.特别是其中,多头的那句台词"龙大王,我先回家了,我妈妈叫我回家吃饭"当场看的时候,觉得实在是搞笑,那个编剧还真是有时尚元素,而5岁的小孩子应该是听不懂的吧,谁又说这只是一部学龄儿童的电影呢????


电影的宣传很重要,喜羊羊也是靠的宣传，可惜这片的宣传做的不好,跟喜羊羊的叫座真的是不能比.


所以国产动画,一:已经进步了，需要更多国人的支持.二,同时也看到,现在的国产动画还离不开宣传,质量怎么样不是最重要的,最关键的是外面是不是包了一层金纸.从这里面也可以看到国人的不支持和不关注.国产动画的市场,正在被外来文化所侵蚀,这也是一种悲哀


支持国产动画.这是一部不错的电影,作为儿童类的动画片,比成人类的锦衣卫,可要成功很多!
      </影评>
<有用数>11</有用数>
<没用数>5</没用数>
</review>
<review>
<作者>rq</作者>
<作者评分>3</作者评分>
<时间>2023-03-18 20:37:48</时间>
<影评>

作恶多端的黑龙被封印在深不可测的天音湖中，每隔五百年便要举行凤凰大典，利用凤凰的叫声加固封印。有一个五百年如期而至，谁知在典礼进行的途中发生了意外，凤凰孵化失败，黑龙挣脱了束缚重返人间，世界陷入了水深火热之中。 想要再度封印黑龙，必须前往天音谷寻找七件神器，它们共同吹奏出的乐曲能够催化凤凰蛋。不幸的是，虹猫（谢娜 配音）沉睡在天音湖底，无奈之中，蓝兔（袁慧敏 配音）只得独自和天音大师（张怀武 配音）踏上了寻找神器的旅途。途中，两人遇见了魔术师小狸（谢娜 配音），小狸于无意之中展现出了神奇的能力，成为了行动中不可缺少的重要环节。

</影评>
<有用数>0</有用数>
<没用数>0</没用数>
</review>
<review>
<作者>念安</作者>
<作者评分>2</作者评分>
<时间>2022-08-27 15:47:59</时间>
<影评>

该电影简介由豆瓣网专职人员撰写或者由影片官方提供，版权属于豆瓣网，未经许可不得转载或使用整体或任何部分的内容。

作恶多端的黑龙被封印在深不可测的天音湖中，每隔五百年便要举行凤凰大典，利用凤凰的叫声加固封印。有一个五百年如期而至，谁知在典礼进行的途中发生了意外，凤凰孵化失败，黑龙挣脱了束缚重返人间，世界陷入了水深火热之中。 想要再度封印黑龙，必须前往天音谷寻找七件神器，它们共同吹奏出的乐曲能够催化凤凰蛋。不幸的是，虹猫（谢娜 配音）沉睡在天音湖底，无奈之中，蓝兔（袁慧敏 配音）只得独自和天音大师（张怀武 配音）踏上了寻找神器的旅途。途中，两人遇见了魔术师小狸（谢娜 配音），小狸于无意之中展现出了神奇的能力，成为了行动中不可缺少的重要环节。©豆瓣

</影评>
<有用数>0</有用数>
<没用数>0</没用数>
</review>
<review>
<作者>烯烃</作者>
<作者评分></作者评分>
<时间>2021-08-17 12:40:17</时间>
<影评>

又一部和弟弟一起看的动画电影。换我自己，绝对看不完的。
弟弟今年6岁，他没看过虹猫蓝兔，他只知道熊大熊二光头强、bug大魔王布咪玛克，这是他第一次看虹猫蓝兔。但虹猫蓝兔却是我的童年。
我今年18岁，突然间隔了有十多年，再来看虹猫蓝兔，真的满满的回忆，尽管我记不得小时候看的虹猫蓝兔的情节了，但虹猫蓝兔各骑一马，从画面一跑而过，为拯救苍生而努力的画面却是清晰的。
画面真的很精良，是小时候的感觉，和看电影时一起涌出来的，还有弹幕，弹幕几乎满屏都是“快乐家族的配音让我出戏”，虽然我完全听不出谁的配音，也记不起来小时候虹猫蓝兔的声音了，但确实这配音并不是那么十分协调。
总的而言，还是挺好的。故事充满了温暖、治愈，我们从来都不需要做好别人，只要做到最好的自己。你从来都不是别人的替代品，你只是你自己，你能做的只是把自己做好。
故事的主题是我很喜欢的，看这个情节会莫名想到“狸猫换太子”的戏码，但这少了些讽刺意味多了些暖心。狸猫在机缘巧合下孵化了不完全的凤凰，由此开始了一段代替虹猫使凤凰得以长大的故事。故事里边，电影名字所包含的三个人物:虹猫、蓝兔、火凤凰，都不是主角，他们只是促成电影故事情节发展的一个个纽扣，真正的主角是狸猫。
狸猫像极了我们，崇拜着某个英雄，幻想成为他，不自信但是乐观、开朗，有着自己的爱好。
但不是每个人都有狸猫那么幸运，有近距离有接触偶像的机会，有成为偶像的机会，也有发现做偶像很难很累的机会，也有自己成为别人偶像的机会。因为自己的努力，更因为蓝兔尤其是小凤凰的帮助，狸猫实现了自身的价值。
我们每个人都在梦想着成为别人，梦想像别人那么优秀，其实我们不用和别人比较，只要成为最好的自己！

</影评>
<有用数>0</有用数>
<没用数>0</没用数>
</review>
<review>
<作者>爱笑的眼睛＠Y</作者>
<作者评分>5</作者评分>
<时间>2018-03-26 21:49:56</时间>
<影评>

虹猫蓝兔等人（《虹七》《虹木》《仗剑》《虹明》《火凤凰》及《虹勇》）是陪我从小到大的朋友    对我而言他们是真实存在的    是我精神世界里不可或缺的朋友      我是98年出生的    如今已是2018年了        十二年  仿佛转眼之间     一路走来     经历了很多事    但是那个习惯至始至终不曾改变——      开心的事想和你们分享    忧伤抑郁时会向你们倾诉    习惯询问你们的意见 （你们是真实的）      从小到大也看过不少风格各异的动画动漫    唯虹蓝为挚爱    身边也有很多爱好动漫的朋友   他们收藏各种各样动漫海报  而我只有虹蓝…     下面是对这部电影的看法     个人觉得这部电影最大的遗憾就是配音问题了   至于原因我不再多做解释    我相信很多虹蓝粉是有同感的    不过这部电影里新出现的人物多头的配音挺有趣的   何炅一人分饰多角    总而言之很感谢“快乐家族 ”里的每一个人   谢谢你们也喜欢虹蓝    愿意参与互动 [比心/]     当然啊     更要感谢贺梦凡老师等每一位制作成员！     最后还想再说一句   ——   数年了    勇者未归    成了众多虹蓝粉心中的遗憾…

</影评>
<有用数>0</有用数>
<没用数>0</没用数>
</review>
<review>
<作者>爱笑的眼睛＠Y</作者>
<作者评分>5</作者评分>
<时间>2018-03-26 21:49:39</时间>
<影评>

虹猫蓝兔等人（《虹七》《虹木》《仗剑》《虹明》《火凤凰》及《虹勇》）是陪我从小到大的朋友    对我而言他们是真实存在的    是我精神世界里不可或缺的朋友      我是98年出生的    如今已是2018年了        十二年  仿佛转眼之间     一路走来     经历了很多事    但是那个习惯至始至终不曾改变——      开心的事想和你们分享    忧伤抑郁时会向你们倾诉    习惯询问你们的意见 （你们是真实的）      从小到大也看过不少风格各异的动画动漫    唯虹蓝为挚爱    身边也有很多爱好动漫的朋友   他们收藏各种各样动漫海报  而我只有虹蓝…     下面是对这部电影的看法     个人觉得这部电影最大的遗憾就是配音问题了   至于原因我不再多做解释    我相信很多虹蓝粉是有同感的    不过这部电影里新出现的人物多头的配音挺有趣的   何炅一人分饰多角    总而言之很感谢“快乐家族 ”里的每一个人   谢谢你们也喜欢虹蓝    愿意参与互动 [比心/]     当然啊     更要感谢贺梦凡老师等每一位制作成员！     最后还想再说一句   ——   数年了    勇者未归    成了众多虹蓝粉心中的遗憾…

</影评>
<有用数>0</有用数>
<没用数>0</没用数>
</review>
<review>
<作者>mia</作者>
<作者评分>4</作者评分>
<时间>2010-02-21 22:59:38</时间>
<影评>
        大年三十，趁电影票还未过期，带着小宝、小宝的表哥及表姐等一行六人到万达电影院看《虹猫、蓝兔、火凤凰》。小宝这次比上次看《哈利波特》强，看来四十分钟才出来了。这部电影远超过我对国产动画片的期望，应该算是看过的最好的国产动画片了。画面非常精美、很具中国古典文化的景致之美。如枫叶飘落在水面上，雨滴融汇成大师，等等，太美了。


小宝的心态挺有意思的，能花上两个小时坐在电影院前等待看电影，耐心地一动也不动，等到了电影就只看四十分钟，理由很是冠冕堂皇，说“看久了会把眼睛看坏的”。究其原因可能是电影院的响声太大了，环境有些压抑吧。同场还有和她大小相近的小朋友离场。


谨此记录小宝的第二次看电影经历。


</影评>
<有用数>3</有用数>
<没用数>2</没用数>
</review>
<review>
<作者>啊嗲了娘</作者>
<作者评分>3</作者评分>
<时间>2009-12-30 11:32:01</时间>
<影评>
        为了防止镇压在天音湖的黑龙万一脱困，每500年时都将在天音湖举行一次凤凰涅槃大典，以加固对黑龙的封印。如今已经是第五个500年了，虹猫蓝兔等七侠受天音大师之邀前往参加凤凰大典。

然而在大典之时，天象突变，疾风暴雨中，凤凰涅槃失败，黑龙欲趁机脱困作乱。虹猫为了阻止黑龙，与黑龙一起被暂时冰封在天音湖上。而要想再次镇压黑龙，必须去天音谷取出七种乐器，赶在黑龙完全脱困之前，七音合奏催开凤凰蛋，只有凤凰的天籁之音才能收服黑龙。

蓝兔陪同天音大师前往天音谷取七种乐器，在机缘巧合之下，碰上魔术师小狸，在天音大师的授意下，蓝兔决定让小狸代替虹猫参加七音合奏，可令人没有想到的是，由于小狸的原因，导致七音合奏时凤凰变成了乌鸡……



电影《虹猫蓝兔火凤凰》的观众群：

6～14岁为主；前后两端延伸，6岁以下的儿童，主要看热闹以及细节的幽默搞笑，这一点，电影中完全具备；14岁以上，延伸到现在的高中生、大学生甚至白领，除了情节的幽默搞笑，这类观众还要求故事的曲折性、生动性，有一定的文化内涵，以及极佳的视听效果，通观整部影片，这类观众应该也是我们拉拢的对象。


市场定位：

    

A、	塑造形象单纯，品德高尚，具有进取精神和献身精神的形象。

片子中的主角，不论是虹猫蓝兔，还是小狸小风疑惑天音大师，都是品德高尚的人，虽然遇到困难会出现犹豫，但最后他们都战胜了自我，找到了最好的自己；把动画的娱乐性与思想性完美结合起来，从而对青少年的成长起到良好教育意义；

B、	典型的中国特色；

影片中，始终贯穿着中国的古典音乐，对于观众来说，听觉上是一大享受；

C、	二三维技术的结合；

影片与国内已有的动画电影最大的区别在于：该部影片，从头至尾都是二三维技术的结合，二维保证了人物动作的夸张性，三维则保证了背景的真实性，这对于年轻的动漫爱好则来说，具有极大的吸引力；

D、	天时地利

该部影片是2010年国内的第一部贺岁动画大片，正值春节假期期间，忙碌一年的家长愿意花90分钟的时间，与孩子一起进入电影院，让孩子开心90分钟，何乐不为？白领也愿意花90分钟，在电影院找回一丝童真，放松一回。
      </影评>
<有用数>3</有用数>
<没用数>5</没用数>
</review>
<review>
<作者>纠结啊</作者>
<作者评分>4</作者评分>
<时间>2017-09-08 17:41:15</时间>
<影评>

今天，咱期待多时的《火凤凰》终于上映了，咱看了之后兴奋的跳了起来【众：神经病】。看了《火凤凰》，我终于知道什么事真正的好电影了。影片中那惊心动魄的场面，华丽丽的背景一闭眼就在此浮现出来。整个影片无论是内容，人物形象，背景设计都十分的精美。
 影片开始时是天音湖底，光从那一闪而过的背景就知道工作人员的认真。最让人着迷的事月光下一片片洁白如雪的芦花，小狸坐在那片芦花中，仰望着天空，喃喃自语道：“我就是在这第一次遇见虹猫少侠的......【太长了，懒得打】”仰往天空的一刹那，小狸与小肥的严重流露出自信与希望。还有那美丽的芦花镇，是奇迹发生的地点，是七侠与小狸共同创造奇迹的地方。那里有着洁白的芦花，古朴的房子，善良的百姓【除了那个看魔术不给钱的家伙】，美丽的田园。真是如世外桃源一般的好景色。
 最让我难忘的是在天音湖，虹猫少侠用鱼鳞当做滑板卷曲漩涡将黑龙困入湖底的那一幕。强大的激流，飞升的漩涡如一个无底的牢笼，将邪恶封锁在湖底。还有小狸代替虹猫七音和鸣是的场景，让人幻想连篇：是什么样的声音，让水中的鱼儿如此欢快的舞蹈，是什么样的声音，让乌鸡也能变凤凰。无论是色彩和构图都给人无限的遐想。天音大殿琴声悠扬，气势磅礴，让大家看到了一个传说中的圣殿仙境，好美！
 “做最好的自己，每个人活着都是奇迹。”这是《虹猫蓝兔火凤凰》想让我们知道的。天音大师说的对，做最好的自己，不要刻意模仿别人。每个人都是奇迹！

</影评>
<有用数>24</有用数>
<没用数>0</没用数>
</review>
<review>
<作者>阿弥陀佛么么哒</作者>
<作者评分></作者评分>
<时间>2022-01-04 12:39:29</时间>
<影评>


对于当时还是小朋友的我来说，这部电影真的很有意义。记得看完几天之后还是很激动，写作业都觉得是自我突破的过程，莫名燃起来了…就是一个很简单的故事，每个小朋友出生都认为自己是这个世界的主角，至少我写这篇日记的时候还觉得自己是独一无二
既然是给小孩子看的动漫，成年人就不以自己的角度乱评论了，把美好留在小孩子的阶段，就挺好

</影评>
<有用数>0</有用数>
<没用数>0</没用数>
</review>
</reviews>
</movie>
